tweetId,tweetReply,tweetRetweet,tweetLike,tweetView,topReply,topRetweet,topLike,topView,replyReply,replyRetweet,replyLike,replyView,webAccess,webComment,webOrder,webRate,webUser,tweetFollower,tweetFollowing,userFollower,userFollowing
663f832bbb1eaba927ed8002,10,16,99,1304,1,0,0,26,0,0,0,0,0,0,0,0,0,13600,13100,3,14
663f832abb1eaba927ed7ffe,23,3,33,6175,1,0,2,90,0,0,0,0,0,0,0,0,0,32900,2,3,14
663f81ffbb1eaba927ed7fdb,24,25,99,1,5,11,41,41,0,0,0,0,0,0,0,0,0,2159,257,39,39
663f81ffbb1eaba927ed7fd7,67,1049,3166,76,2,1,7,7,0,0,0,0,0,0,0,0,0,1600000,1432,39,39
663f81ffbb1eaba927ed7fd3,24,17,35,594,1,0,1,9,0,0,0,0,0,0,0,0,0,7231,4453,39,39
663f81febb1eaba927ed7fcf,39,991,1219,11,0,0,1,1,0,0,0,0,0,0,0,0,0,1131,1094,39,39
663f81febb1eaba927ed7fcb,17,60,92,7979,37,170,467,1682584,0,0,0,0,0,0,0,0,0,4430,3114,39,39
663f81febb1eaba927ed7fc7,18,16,107,3405,26,37,563,1688077,0,0,0,0,0,0,0,0,0,34300,19200,39,39
663f7ac1bb1eaba927ed7f2a,101,71,247,14213,20,25,157,800382,0,0,0,0,0,0,0,0,0,11000,205,39,39
663f7ac0bb1eaba927ed7f26,13,6,39,1434,0,0,5,54,0,0,0,0,0,0,0,0,0,11000,205,39,39
663f7ac0bb1eaba927ed7f22,31,28,93,6721,2,0,7,224,0,0,0,0,0,0,0,0,0,11000,205,39,39
663f7909bb1eaba927ed7ef3,20,41,143,8695,1,0,1,28,0,0,0,0,0,0,0,0,0,17900,2195,39,39
663f7909bb1eaba927ed7eef,38,39,178,2109,1,0,3,22,0,0,0,0,0,0,0,0,0,10200,8943,39,39
663f7908bb1eaba927ed7ee1,18,57,305,8,5,24,224,224,0,0,0,0,0,0,0,0,0,63300,887,39,39
663f7908bb1eaba927ed7ed6,240,673,2440,101346,6,22,110,2190,0,0,0,0,0,0,0,0,0,30100,14900,39,39
663e6cedd2b04cb60c80b590,41,51,333,17185,2,4,68,1576,0,0,0,0,0,0,0,0,0,42000,268,39,39
663e6cedd2b04cb60c80b58c,18,63,237,6927,1,0,4,96,0,0,0,0,0,0,0,0,0,26900,3304,39,39
663e6cedd2b04cb60c80b588,37,13,87,3363,0,0,8,159,0,0,0,0,0,0,0,0,0,2432,1695,39,39
663e6cedd2b04cb60c80b584,18,134,588,6031,0,1,5,267,0,0,0,0,0,0,0,0,0,2584,288,39,39
663e6cedd2b04cb60c80b580,149,163,374,14746,0,1,8,152,0,0,0,0,0,0,0,0,0,4670,3071,39,39
663e6cedd2b04cb60c80b57c,33,10,164,3199,1,0,8,107,0,0,0,0,0,0,0,0,0,6140,2148,39,39
663e6cecd2b04cb60c80b578,75,23,113,1514,1,0,1,3,0,0,0,0,0,0,0,0,0,3605,1012,39,39
663e6cecd2b04cb60c80b574,154,3454,67147,2586878,7,115,2130,116902,0,0,0,0,0,0,0,0,0,14500,573,39,39
663e6cecd2b04cb60c80b56d,46,57,135,3547,1,2,11,256,0,0,0,0,0,0,0,0,0,10400,2413,39,39
663e6cecd2b04cb60c80b569,14,9,34,1132,1,0,1,8,0,0,0,0,0,0,0,0,0,9786,3169,39,39
663e6cecd2b04cb60c80b565,22,50,92,10117,2,0,28,759,0,0,0,0,0,0,0,0,0,20300,1929,39,39
663e6cebd2b04cb60c80b561,21,13,66,4936,20,5,26,3822,0,0,0,0,0,0,0,0,0,5156,3829,39,39
663e6cebd2b04cb60c80b55d,14,2,16,219,1,0,1,10,0,0,0,0,0,0,0,0,0,490,794,39,39
663e6cead2b04cb60c80b54f,14,8,30,2244,1,0,8,909,0,0,0,0,0,0,0,0,0,3663,2423,39,39
663e6b0ad2b04cb60c80b509,74,12,117,1592,1,0,1,36,0,0,0,0,0,0,0,0,0,7321,2306,39,39
663e6b0ad2b04cb60c80b505,10,96,115,3174,0,0,4,35,0,0,0,0,0,0,0,0,0,6605,4365,39,39
663e6b0ad2b04cb60c80b501,57,5946,44646,540404,1,1,504,6371,0,0,0,0,0,0,0,0,0,114300,1080,39,39
663e6b0ad2b04cb60c80b4fd,397,981,8726,100225,2,4,79,1113,0,0,0,0,0,0,0,0,0,134600,973,39,39
663e6b09d2b04cb60c80b4f9,21,15,21,3680,1,1,2,266,0,0,0,0,0,0,0,0,0,1373,645,39,39
663e6b09d2b04cb60c80b4f5,36,128,524,13896,0,1,6,215,0,0,0,0,0,0,0,0,0,54600,8,39,39
663e6b09d2b04cb60c80b4f1,77,79,85,1248,0,0,2,5,0,0,0,0,0,0,0,0,0,837,180,39,39
663e6b09d2b04cb60c80b4ed,141,95,367,22048,0,0,1,7,0,0,0,0,0,0,0,0,0,137400,412,39,39
663e6b09d2b04cb60c80b4e6,10,15,30,278,1,0,1,6,0,0,0,0,0,0,0,0,0,5274,3950,39,39
663e6b08d2b04cb60c80b4e2,14,7,21,231,0,0,1,2,0,0,0,0,0,0,0,0,0,1107,1211,39,39
663e6b08d2b04cb60c80b4de,24,14,49,758,1,0,1,13,0,0,0,0,0,0,0,0,0,5839,1993,39,39
663e6b08d2b04cb60c80b4da,13,7,21,250,0,0,2,16,0,0,0,0,0,0,0,0,0,1107,1211,39,39
663e6b08d2b04cb60c80b4d0,50,18,101,3595,1,0,4,58,0,0,0,0,0,0,0,0,0,936,1698,39,39
663e6942d2b04cb60c80b485,11,17,78,14137,8,0,7,1656,0,0,0,0,0,0,0,0,0,3.037,281,3,14
663e6942d2b04cb60c80b481,26,15,35,2009,0,1,10,33771,0,0,0,0,0,0,0,0,0,4.521,2.686,3,14
663e6942d2b04cb60c80b47d,130,132,74,14593,26,143,376,1374663,0,0,0,0,0,0,0,0,0,5.021,2.146,3,14
663e6942d2b04cb60c80b479,11,22,518,27335,0,4,417,9731,0,0,0,0,0,0,0,0,0,38,525,3,14
663e6942d2b04cb60c80b475,13,16,117,16544,172,246,2817,4680978,0,0,0,0,0,0,0,0,0,808,309,3,14
663e6942d2b04cb60c80b471,168,180,112,25755,0,0,1,86,0,0,0,0,0,0,0,0,0,2.101,603,3,14
663e6941d2b04cb60c80b46d,15,47,674,25674,0,0,1,33,0,0,0,0,0,0,0,0,0,38,525,3,14
663e6941d2b04cb60c80b469,33,47,238,4,5,9,55,2,0,0,0,0,0,0,0,0,0,33,556,3,14
663e6941d2b04cb60c80b459,14,0,17,410,7,111,82,288681,0,0,0,0,0,0,0,0,0,622,1.441,3,14
663e6940d2b04cb60c80b455,15,0,18,361,17,38,430,719729,0,0,0,0,0,0,0,0,0,1.858,2.034,3,14
663e6940d2b04cb60c80b44e,21,83,1079,1079,17,38,430,719729,0,0,0,0,0,0,0,0,0,37,23,3,14
663e6940d2b04cb60c80b447,17,1,10,501,275,30,1177,1623974,0,0,0,0,0,0,0,0,0,2.511,2.143,3,14
663e658cd2b04cb60c80b3b8,40,108,192,36399,1,0,1,292,0,0,0,0,0,0,0,0,0,2682,68,3,14
663e658cd2b04cb60c80b3b4,30,26,43,2862,1,0,1,34,0,0,0,0,0,0,0,0,0,3768,246,3,14
663e658bd2b04cb60c80b3b0,22,13,43,11350,0,0,1,46,0,0,0,0,0,0,0,0,0,377500,21,3,14
663e658bd2b04cb60c80b3ac,16,31,125,5640,1,0,2,116,0,0,0,0,0,0,0,0,0,110,311,3,14
663e658bd2b04cb60c80b3a8,11,32,130,19102,0,0,1,69,0,0,0,0,0,0,0,0,0,20100,60,3,14
663e658ad2b04cb60c80b3a4,13,3,27,528,1,2,4,11,0,0,0,0,0,0,0,0,0,2923,2188,3,14
663e658ad2b04cb60c80b3a0,119,110,266,8252,1,0,0,70,0,0,0,0,0,0,0,0,0,43600,706,3,14
663e658ad2b04cb60c80b39c,15,15,43,3866,0,0,8,373,0,0,0,0,0,0,0,0,0,21100,300,3,14
663e6589d2b04cb60c80b398,72,44,68,991,0,1,1,8,0,0,0,0,0,0,0,0,0,84900,30500,3,14
663e6588d2b04cb60c80b38e,31,17,32,387,1,1,0,35,0,0,0,0,0,0,0,0,0,84900,30500,3,14
663e6588d2b04cb60c80b38a,67,21,22,51621,1,12,169,1255,0,0,0,0,0,0,0,0,0,1400000,541,3,14
663e6587d2b04cb60c80b386,55,165,432,12178,2,4,22,260,0,0,0,0,0,0,0,0,0,92700,1891,3,14
663e6587d2b04cb60c80b382,24,17,168,7439,3,4,33,491,0,0,0,0,0,0,0,0,0,2354,1450,3,14
663e6586d2b04cb60c80b37b,76,24,98,19025,0,0,2,297,0,0,0,0,0,0,0,0,0,6008,605,3,14
663e6586d2b04cb60c80b374,11,1,2,760,0,0,0,20,0,0,0,0,0,0,0,0,0,35,44,3,14
663e648bd2b04cb60c80b36f,39,403,4312,118293,1,0,11,1966,0,0,0,0,0,0,0,0,0,20500,119,39,39
663e648ad2b04cb60c80b36b,19,110,382,4783,0,0,1,20,0,0,0,0,0,0,0,0,0,1481,424,39,39
663e6489d2b04cb60c80b35e,42,70,164,18853,0,0,4,160,0,0,0,0,0,0,0,0,0,6726,256,39,39
663e6489d2b04cb60c80b35a,13,5,22,467,1,0,1,17,0,0,0,0,0,0,0,0,0,503,414,39,39
663e6488d2b04cb60c80b353,34,47,112,1527,2,2,5,70,0,0,0,0,0,0,0,0,0,2010,1343,39,39
663dda878a8c08fdc36bde91,71,139,952,34399,2,1,11,1055,0,0,0,0,0,0,0,0,0,43600,679,3,14
663dda878a8c08fdc36bde8a,65,62,60,2070,1,0,2,85,0,0,0,0,0,0,0,0,0,1379,1358,3,14
663dda868a8c08fdc36bde86,28,20,254,27654,1,0,4,219,0,0,0,0,0,0,0,0,0,259,266,3,14
663dda868a8c08fdc36bde82,15,14,245,9403,1,0,2,97,0,0,0,0,0,0,0,0,0,106000,6583,3,14
663dda858a8c08fdc36bde75,17,60,130,31658,0,0,3,2415,0,0,0,0,0,0,0,0,0,6474,20,3,14
663dda848a8c08fdc36bde71,28,42,161,70887,13,6,35,19246,0,0,0,0,0,0,0,0,0,36600,3607,3,14
663dda848a8c08fdc36bde6d,12,35,35,2198,0,0,0,9,0,0,0,0,0,0,0,0,0,57,13,3,14
663dda848a8c08fdc36bde69,43,5,41,10894,1,0,30,283,0,0,0,0,0,0,0,0,0,2067,2261,3,14
663dda838a8c08fdc36bde65,19,17,123,14914,0,0,5,141,0,0,0,0,0,0,0,0,0,2067,2261,3,14
663dda838a8c08fdc36bde61,134,48,69,2214,0,1,1,64,0,0,0,0,0,0,0,0,0,6410,124,3,14
663dda828a8c08fdc36bde5d,26,8,33,1362,0,0,0,13,0,0,0,0,0,0,0,0,0,13700,53,3,14
663dda828a8c08fdc36bde59,16,1,5,878,3,0,2,104,0,0,0,0,0,0,0,0,0,129,265,3,14
663dd71e8a8c08fdc36bde52,13,3,10,1,4,1,13,13,0,0,0,0,0,0,0,0,0,1787,364,0,0
663dd71e8a8c08fdc36bde4e,39,28,488,2,0,0,2,2,0,0,0,0,0,0,0,0,0,4065,1377,0,0
663dd71e8a8c08fdc36bde4a,22,8,215,11,1,1,1,1,0,0,0,0,0,0,0,0,0,73,78,0,0
663dd6e18a8c08fdc36bde41,260,410,1384,188709,36,1,30,3472,0,0,0,0,0,0,0,0,0,296,32,0,0
663dd6e08a8c08fdc36bde3d,33,96,478,23137,8,1,13,298,0,0,0,0,0,0,0,0,0,478,1553,0,0
663dd6e08a8c08fdc36bde35,35,85,215,3430,1,6,10,276,0,0,0,0,0,0,0,0,0,509,265,0,0
663dd4218a8c08fdc36bddea,14,3,20,3217,1,0,2,110,0,0,0,0,0,0,0,0,0,11100,1143,0,0
663dd4218a8c08fdc36bdde6,33,21,51,6901,2,3,11,509,0,0,0,0,0,0,0,0,0,9926,426,0,0
663dd4208a8c08fdc36bdde2,3705,2371,29397,1033873,268,190,2700,294202,0,0,0,0,0,0,0,0,0,1514,1038,0,0
663dd4208a8c08fdc36bddde,80,26,87,8036,7,0,1,69,0,0,0,0,0,0,0,0,0,163,264,0,0
663dd4208a8c08fdc36bddda,46,36,170,4040,2,0,3,68,0,0,0,0,0,0,0,0,0,10300,8064,0,0
663dd41f8a8c08fdc36bddd6,29,53,437,36113,1,0,6,699,0,0,0,0,0,0,0,0,0,290,1577,0,0
663dd41f8a8c08fdc36bddd2,20,36,162,13630,1,0,6,206,0,0,0,0,0,0,0,0,0,101800,37100,0,0
663dc6e85cb0d6a45d927bc4,27,21,116,116,2,4,151,733719,0,0,0,0,0,0,0,0,0,374,463,0,0
663dc6e85cb0d6a45d927bc0,11,0,67,67,2,9,178,735239,0,0,0,0,0,0,0,0,0,2.315,889,0,0
663dc6e85cb0d6a45d927bbc,16,16,66,2,920,505,3881,1775447,0,0,0,0,0,0,0,0,0,4.826,387,0,0
663dc6e75cb0d6a45d927bb8,10,14,152,152,1,0,1,1,0,0,0,0,0,0,0,0,0,1.996,1.617,0,0
663dc6e75cb0d6a45d927bb4,43,495,1149,123086,5,4,52,3549,0,0,0,0,0,0,0,0,0,391,2.979,0,0
663dc0225cb0d6a45d927bad,24,81,2124,7,0,0,12,12,0,0,0,0,0,0,0,0,0,3267,544,0,0
663dc0225cb0d6a45d927ba9,30,192,609,97053,3,0,11,1469,0,0,0,0,0,0,0,0,0,4007,377,0,0
663dc0225cb0d6a45d927ba5,29,18,233,2599,1,0,1,1,0,0,0,0,0,0,0,0,0,1155,1691,0,0
663dc0215cb0d6a45d927ba1,20,104,432,54153,2,10,46,6776,0,0,0,0,0,0,0,0,0,257200,810,0,0
663dc0215cb0d6a45d927b9d,12,29,134,6,1,0,4,4,0,0,0,0,0,0,0,0,0,702,1292,0,0
663dc0215cb0d6a45d927b99,13,8,75,5059,1,3,11,412,0,0,0,0,0,0,0,0,0,3902,848,0,0
663dc0215cb0d6a45d927b95,78,212,971,40552,8,26,138,4012,0,0,0,0,0,0,0,0,0,64400,222,0,0
663dc0215cb0d6a45d927b91,10,20,77,2,0,2,3,3,0,0,0,0,0,0,0,0,0,1523,999,0,0
663dc0205cb0d6a45d927b89,18,18,94,1027,0,0,2,3,0,0,0,0,0,0,0,0,0,8801,3250,0,0
663dc0205cb0d6a45d927b85,97,70,410,3175,0,0,2,35,0,0,0,0,0,0,0,0,0,8801,3250,0,0
663dc0205cb0d6a45d927b81,13,39,161,7766,1,0,3,94,0,0,0,0,0,0,0,0,0,16300,12200,0,0
663dc0205cb0d6a45d927b79,13,53,59,1523,0,0,1,16,0,0,0,0,0,0,0,0,0,10400,9871,0,0
663dc01f5cb0d6a45d927b75,108,1267,7394,627561,4,0,23,1931,0,0,0,0,0,0,0,0,0,128200,4352,0,0
663dc01f5cb0d6a45d927b71,20,56,267,8649,1,0,4,51,0,0,0,0,0,0,0,0,0,1800000,221,0,0
663daa6b78c572f522656d1f,31,39,479,75629,10,0,106,36211,0,0,0,0,0,0,0,0,0,142600,320,0,0
663daa6b78c572f522656d1b,33,17,182,5691,0,0,3,96,0,0,0,0,0,0,0,0,0,30700,188,0,0
663daa6a78c572f522656d17,47,17,245,2622,1,0,2,24,0,0,0,0,0,0,0,0,0,22900,19900,0,0
663da51578c572f522656cc4,139,276,690,7904,0,7,9,128,0,0,0,0,0,0,0,0,0,75000,863,0,0
663da51578c572f522656cc0,43,59,339,35865,0,0,15,764,0,0,0,0,0,0,0,0,0,41200,648,0,0
663da51578c572f522656cbc,59,69,223,57654,1,1,17,329,0,0,0,0,0,0,0,0,0,8800000,249,0,0
663da51478c572f522656cb8,28,88,349,59043,3,16,36,1163,0,0,0,0,0,0,0,0,0,3103,22,0,0
663da51478c572f522656cb4,28,129,220,33535,2,0,15,122,0,0,0,0,0,0,0,0,0,9065,8325,0,0
663da51478c572f522656cb0,26,13,42,8027,2,8,23,229,0,0,0,0,0,0,0,0,0,222000,1717,0,0
663da51478c572f522656ca8,33,185,601,24458,1,3,12,434,0,0,0,0,0,0,0,0,0,5802,1358,0,0
663d8f47071e7b72289edd18,20,175,937,83467,5,0,95,3005,0,0,0,0,4,0,0,0,0,3487,5028,0,3
663d8f47071e7b72289edd14,61,206,844,47525,1,1,5,169,0,0,0,0,0,0,0,0,0,2000000,120100,0,3
663d8f47071e7b72289edd10,13,24,284,11816,3,0,9,264,0,0,0,0,0,0,0,0,0,243,279,0,3
663d8f46071e7b72289edd0c,30,48,149,4517,1,1,1,83,0,0,0,0,0,0,0,0,0,1384,449,0,3
663d8f46071e7b72289edd08,65,3141,15351,363861,0,0,11,3652,0,0,0,0,0,0,0,0,0,964,302,0,3
663d8f46071e7b72289edd04,39,1511,4758,51767,1,0,1,58,0,0,0,0,0,0,0,0,0,1745,180,0,3
663d8f46071e7b72289edd00,23,1955,8615,131499,0,0,11,2531,0,0,0,0,0,0,0,0,0,950,58,0,3
663d8f46071e7b72289edcfc,73,3022,7116,737238,2,34,304,9965,0,0,0,0,0,0,0,0,0,35600,3248,0,3
663d8f45071e7b72289edcf8,55,5208,15990,213920,0,15,103,6523,0,0,0,0,0,0,0,0,0,2176,203,0,3
663d8f45071e7b72289edcf4,178,19731,51492,476058,0,0,2,782,0,0,0,0,0,0,0,0,0,145600,191,0,3
663d8f45071e7b72289edcf0,905,23743,254188,18424499,31,696,8541,453425,0,0,0,0,0,0,0,0,0,4000000,567,0,3
663d8f45071e7b72289edcec,335,20440,70439,1013923,0,8,88,2990,0,0,0,0,0,0,0,0,0,120600,97,0,3
663d8f45071e7b72289edce8,20,6629,38177,512251,1,0,161,9942,0,0,0,0,0,0,0,0,0,606,100,0,3
663d877f071e7b72289edc8e,168,6955,9264,186726,4,3,33,80299,0,0,0,0,0,0,0,0,0,35300,5,0,3
663d877f071e7b72289edc8a,100,2078,9840,98039,0,0,10,834,0,0,0,0,0,0,0,0,0,36400,2001,0,3
663d877e071e7b72289edc86,33,245,1478,53479,3,20,125,9489,0,0,0,0,0,0,0,0,0,750700,1439,0,3
663d877e071e7b72289edc82,27,266,1091,87817,0,0,2,532,0,0,0,0,0,0,0,0,0,3600000,645,0,3
663d877e071e7b72289edc7e,51,3,61,401,755,403,3711,1875717,0,0,0,0,0,0,0,0,0,2661,2682,0,3
663d877d071e7b72289edc7a,26,64,344,17825,1106,797,5714,2990158,0,0,0,0,0,0,0,0,0,107200,406,0,3
663d877d071e7b72289edc76,15,5,17,958,1,0,1,6,0,0,0,0,0,0,0,0,0,2395,2787,0,3
663d877d071e7b72289edc72,23,2,20,959,1,0,1,54,0,0,0,0,0,0,0,0,0,1514,1793,0,3
663d877c071e7b72289edc6e,21,16,131,1886,48,16,1057,2009157,0,0,0,0,0,0,0,0,0,3299,3157,0,3
663d877c071e7b72289edc6a,13,5,40,2544,275,30,1169,1592825,0,0,0,0,0,0,0,0,0,1555,85,0,3
663d877b071e7b72289edc66,67,12,150,6909,1,0,5,135,0,0,0,0,0,0,0,0,0,1870,286,0,3
663d877b071e7b72289edc62,130,37,629,25117,16,23,440,1546413,0,0,0,0,0,0,0,0,0,3299,3157,0,3
663d877b071e7b72289edc5e,31,24,196,15302,23,43,183,247296,0,0,0,0,0,0,0,0,0,673,299,0,3
663d877a071e7b72289edc5a,29,6,13,3163,18,14,75,368617,0,0,0,0,0,0,0,0,0,195,29,0,3
663d8458071e7b72289edc53,12,20,60,3924,1,0,3,179,0,0,0,0,0,0,0,0,0,1008,821,0,3
663d8458071e7b72289edc4f,102,440,1865,114717,6,0,4,2461,0,0,0,0,0,0,0,0,0,73300,264,0,3
663d8458071e7b72289edc4b,112,192,790,16167,4,7,38,324,0,0,0,0,0,0,0,0,0,41200,874,0,3
663d8457071e7b72289edc47,19,63,112,2069,1,0,6,116,0,0,0,0,0,0,0,0,0,10000,792,0,3
663d8457071e7b72289edc43,23,254,1275,38405,1,0,33,1343,0,0,0,0,0,0,0,0,0,398,318,0,3
663d8457071e7b72289edc3f,19896,21939,21865,104419,2,7,24,26628,0,0,0,0,0,0,0,0,0,44100,432,0,3
663d8457071e7b72289edc3b,36,192,2342,48337,2,0,61,1947,0,0,0,0,0,0,0,0,0,22300,234,0,3
663d8457071e7b72289edc37,16,27,118,12374,1,0,1,94,0,0,0,0,0,0,0,0,0,6633,1150,0,3
663d8457071e7b72289edc33,26,2317,25557,408380,6,4,385,8299,0,0,0,0,0,0,0,0,0,2350,52,0,3
663d816e071e7b72289edc2c,17,3869,11591,240573,56,1243,5668,164634,0,0,0,0,0,0,0,0,0,206,274,0,3
663d816d071e7b72289edc28,107,5768,35902,2044433,0,12,407,42172,0,0,0,0,0,0,0,0,0,6.544,516,0,3
663d816d071e7b72289edc24,49,26,292,29506,1,0,9,24,0,0,0,0,0,0,0,0,0,5.65,5.858,0,3
663d816d071e7b72289edc20,12,3,28,1282,19,129,255,882368,0,0,0,0,0,0,0,0,0,541,138,0,3
663d816d071e7b72289edc1c,10,5,57,6513,3,13,54,194785,0,0,0,0,0,0,0,0,0,430,245,0,3
663d816c071e7b72289edc18,26,288,337,16025,2,0,2,148,0,0,0,0,0,0,0,0,0,2.068,1.173,0,3
663d816c071e7b72289edc14,78,31,377,9499,77,290,2453,3137624,0,0,0,0,0,0,0,0,0,116,485,0,3
663d816c071e7b72289edc10,76,33,381,15508,27,10,85,278931,0,0,0,0,0,0,0,0,0,725,684,0,3
663d816c071e7b72289edc0c,10,7,54,8565,0,0,4,191,0,0,0,2,0,0,0,0,0,512,530,0,3
663d816b071e7b72289edc08,21,44,405,30928,1,4,16,456,0,0,0,0,0,0,0,0,0,200,474,0,3
663d816b071e7b72289edc04,24,12,114,4958,3,0,4,116,0,0,0,0,0,0,0,0,0,725,684,0,3
663d816b071e7b72289edc00,27,13,145,4989,1,0,1,34,0,0,0,0,0,0,0,0,0,725,684,0,3
663d7ecc071e7b72289edbf7,102,995,4364,418283,6,76,232,262135,0,0,0,0,0,0,0,0,0,156500,69,0,3
663d7ecc071e7b72289edbf3,18,19,180,7035,22,31,130,236718,0,0,0,0,0,0,0,0,0,42700,10200,0,3
663d7ecc071e7b72289edbef,110,597,3707,479793,2,7,142,649180,0,0,0,0,0,0,0,0,0,4512,4028,0,3
663d7ecc071e7b72289edbeb,128,47,245,47959,23,43,181,245163,0,0,0,0,0,0,0,0,0,1987,521,0,3
663d7ecc071e7b72289edbe7,20,93,74,4310,19,128,254,878578,0,0,0,0,0,0,0,0,0,10300,275,0,3
663d7ecb071e7b72289edbe3,24,32,102,6078,103,193,1027,1323484,0,0,0,0,0,0,0,0,0,821,71,0,3
663d7ecb071e7b72289edbdf,21,20,257,7451,0,0,2,41,0,0,0,2,0,0,0,0,0,1972,1956,0,3
663d7ecb071e7b72289edbdb,45,191,159,5993,1,0,4,290,0,0,0,0,0,0,0,0,0,10300,275,0,3
663d7ecb071e7b72289edbd7,15,3,23,472,0,0,2,11,0,0,0,0,0,0,0,0,0,62,30,0,3
663d7ecb071e7b72289edbd3,11,7,19,893,19,128,254,877348,0,0,0,0,0,0,0,0,0,14,24,0,3
663d7eca071e7b72289edbcf,20,26,106,6350,14,15,90,569502,0,0,0,0,0,0,0,0,0,821,71,0,3
663d7eca071e7b72289edbcb,35,8,43,2359,915,503,3861,1756023,0,0,0,0,0,0,0,0,0,655,612,0,3
663d7eca071e7b72289edbc7,14,33,122,4399,754,401,3709,1872402,0,0,0,0,0,0,0,0,0,4435,500,0,3
663d7eca071e7b72289edbc3,19,5,34,1049,754,401,3709,1872402,0,0,0,0,0,0,0,0,0,655,612,0,3
663d7eca071e7b72289edbbf,18,3,29,1319,1,1,1,32,0,0,0,0,0,0,0,0,0,655,612,0,3
663d7eca071e7b72289edbbb,55,59,57,4531,27,10,85,278655,0,0,0,0,0,0,0,0,0,7755,671,0,3
663d7ec9071e7b72289edbb4,65,10,82,3707,18,10,492,524940,0,0,0,0,0,0,0,0,0,1479,1853,0,3
663d7ba1071e7b72289edbad,23,21,36,2078,2,0,3,65,0,0,0,0,0,0,0,0,0,7236,187,0,3
663d7ba1071e7b72289edba9,11,1,13,604,0,0,1,7,0,0,0,0,0,0,0,0,0,2371,2990,0,3
663d7ba1071e7b72289edba5,13,1,19,852,0,0,2,4,0,0,0,0,0,0,0,0,0,2371,2990,0,3
663d7ba1071e7b72289edba1,51,8,86,4974,18,14,74,367460,0,0,0,0,0,0,0,0,0,801,1283,0,3
663d7ba1071e7b72289edb9d,40,10,49,1353,0,1,1,55,0,0,0,0,0,0,0,0,0,3883,1355,0,3
663d7ba0071e7b72289edb99,10,25,80,3992,1,0,2,62,0,0,0,0,0,0,0,0,0,521,237,0,3
663d7ba0071e7b72289edb95,17,33,72,977,6,4,11,121,0,0,0,0,0,0,0,0,0,1834,669,0,3
663d7ba0071e7b72289edb91,101,33,313,29636,4,0,38,573,0,0,0,0,0,0,0,0,0,2463,1055,0,3
663d7ba0071e7b72289edb8d,30,10,66,3442,1,0,4,46,0,0,0,0,0,0,0,0,0,98,44,0,3
663d7ba0071e7b72289edb89,45,37,56,1390,0,0,2,26,0,0,0,0,0,0,0,0,0,6057,198,0,3
663d7ba0071e7b72289edb85,30,5,18,1313,1,0,3,64,0,0,0,0,0,0,0,0,0,805,4,0,3
663d79ffecd9b6723464e79f,11,21,2961,206679,1326,9946,45828,9497825,0,0,0,0,0,0,0,0,0,199,133,0,5
663d79ffecd9b6723464e79b,12,135,731,19360,1326,9946,45829,9498914,0,0,0,0,0,0,0,0,0,144,568,0,5
663d79ffecd9b6723464e797,116,545,2844,552649,14,15,90,568057,0,0,0,0,0,0,0,0,0,11,679,0,5
663d79feecd9b6723464e793,59,219,1137,220192,14,15,90,568057,0,0,0,0,0,0,0,0,0,11,679,0,5
663d79feecd9b6723464e78f,22,24,179,78491,1,0,4,1309,0,0,0,0,0,0,0,0,0,11,679,0,5
663d79feecd9b6723464e78b,16,1,251,19506,128,197,1089,302199,0,0,0,0,0,0,0,0,0,691,814,0,5
663d79feecd9b6723464e787,17,6,517,13972,186,330,1665,272105,0,0,0,0,0,0,0,0,0,97,560,0,5
663d772d1f93ff9d15b79a28,378,443,984,102806,66,53,101,7323,0,0,0,0,0,0,0,0,0,6765,495,0,5
663d772c1f93ff9d15b79a24,18,18,107,27722,21,19,292,1088868,0,0,0,0,0,0,0,0,0,3100,2147,0,5
663d772c1f93ff9d15b79a20,631,461,642,30702,5,4,32,58425,0,0,0,0,0,0,0,0,0,631,17,0,5
663d772c1f93ff9d15b79a1c,307,1305,6513,477211,11,9,261,11365,0,0,0,0,0,0,0,0,0,87000,1358,0,5
663d772b1f93ff9d15b79a18,248,761,2809,274006,1,5,200,4989,0,0,0,7,0,0,0,0,0,519700,429,0,5
663d772b1f93ff9d15b79a14,40,197,1303,47093,19,127,247,863572,0,0,0,0,0,0,0,0,0,111500,2456,0,5
663d772b1f93ff9d15b79a10,108,375,1188,38457,9,0,51,1374,0,0,0,0,0,0,0,0,0,81400,3041,0,5
663d772a1f93ff9d15b79a0c,55,202,801,183139,754,400,3708,1870643,0,0,0,0,0,0,0,0,0,519700,429,0,5
663d772a1f93ff9d15b79a08,61,234,10073,92,5,14,466,3,0,0,0,0,0,0,0,0,0,416700,144,0,5
663d772a1f93ff9d15b79a04,482,1924,7253,172,39,135,684,30,0,0,0,0,0,0,0,0,0,390200,2204,0,5
663d772a1f93ff9d15b79a00,1373,1732,12667,248720,37,24,319,960994,0,0,0,0,0,0,0,0,0,213700,909,0,5
663d090b6c1f755b20e7eb1a,942,4795,13125,16,18,31,332,332,0,0,0,0,0,0,0,0,0,697100,22900,0,5
663d090b6c1f755b20e7eb16,66,408,1030,4,0,2,6,1,0,0,0,0,0,0,0,0,0,717100,562,0,5
663d090a6c1f755b20e7eb12,131,637,2070,33,3,1,44,44,0,0,0,0,0,0,0,0,0,20000000,1686,0,5
663d090a6c1f755b20e7eb0e,109,375,442,1,0,4,8,8,0,0,0,0,0,0,0,0,0,8787,9159,0,5
663d090a6c1f755b20e7eb0a,98,71,468,5,16,1,77,77,0,0,0,0,0,0,0,0,0,112600,5865,0,5
663d090a6c1f755b20e7eb06,103,358,2985,9,177,126,1978,5471326,0,0,0,0,0,0,0,0,0,101700,215,0,5
663d09096c1f755b20e7eb02,1783,4007,13097,30,3,0,3,3,0,0,0,0,0,0,0,0,0,788900,2158,0,5
663d01b26c1f755b20e7e8fa,18,27,107,15499,1,11,47,158946,0,0,0,0,0,0,0,0,0,3.501,99,0,5
663d01b26c1f755b20e7e8f6,35,1021,11213,337365,0,0,7,833,0,0,0,0,0,0,0,0,0,817,275,0,5
663d01b16c1f755b20e7e8f2,31,40,73,11889,2,2,54,290020,0,0,0,0,0,0,0,0,0,179,464,0,5
663d01b16c1f755b20e7e8ee,26,9,207,8124,1,11,47,159008,0,0,0,0,0,0,0,0,0,9.68,52,0,5
663d01b16c1f755b20e7e8ea,29,1367,13880,373961,14,4,132,192394,0,0,0,0,0,0,0,0,0,8.274,2.208,0,5
663cfd8a6c1f755b20e7e892,229,414,1141,181226,9,4,194,8202,0,0,0,0,0,0,0,0,0,2871,129,0,5
663cfd8a6c1f755b20e7e88e,16,340,2062,19065,63,25,409,1512908,0,0,0,0,0,0,0,0,0,100,106,0,5
663cfd8a6c1f755b20e7e888,32,96,385,33856,3,12,41,165003,0,0,0,0,0,0,0,0,0,2162,28,0,5
663cfd8a6c1f755b20e7e883,142,9322,33708,855222,6,10,357,11462,0,0,0,0,0,0,0,0,0,218,15,0,5
663cfd896c1f755b20e7e87e,480,1355,526,28927,162,221,2673,4444207,0,0,0,0,0,0,0,0,0,301,77,0,5
663cfd896c1f755b20e7e87a,12,55,246,18849,35,26,371,2245060,0,0,0,0,0,0,0,0,0,829,159,0,5
663cfd896c1f755b20e7e876,63,29,183,14399,24,32,757,1696360,0,0,0,24,0,0,0,0,0,204,59,0,5
663cfd896c1f755b20e7e872,96,4085,11574,756134,12,67,544,21020,0,0,0,0,0,0,0,0,0,816,581,0,5
663cfd896c1f755b20e7e86e,4856,29830,50253,2251580,56,547,3767,107683,0,0,0,0,0,0,0,0,0,171,982,0,5
663cfd886c1f755b20e7e86a,15,271,988,14044,1,0,10,424,0,0,0,0,0,0,0,0,0,144,225,0,5
663cfd886c1f755b20e7e866,463,66585,568859,7620952,2,65,18579,629440,0,0,0,0,0,0,0,0,0,2.011,1.374,0,5
663cfa1a6c1f755b20e7e605,13,0,88,3118,7,0,30,68286,0,0,0,2,0,0,0,0,0,7317,2216,39,39
663cfa1a6c1f755b20e7e601,35,30,83,1805,7,0,30,68286,0,0,0,1,0,0,0,0,0,4960,2113,39,39
663cfa196c1f755b20e7e5fd,55,191,2786,11,11,12,910,1,0,0,0,1,0,0,0,0,0,2362,221,39,39
663cf9df6c1f755b20e7e5f8,118,1846,3973,17,1,2,6,6,0,0,0,1,0,0,0,0,0,11000,5006,39,39
663cf9df6c1f755b20e7e5f4,28,58,263,2,1,2,16,16,0,0,0,1,0,0,0,0,0,7087,4447,39,39
663cf9de6c1f755b20e7e5f0,13,52,226,5379,1,0,3,56,0,0,0,1,0,0,0,0,0,1528,686,39,39
663cf9de6c1f755b20e7e5e9,15,27,157,157,1,0,3,3,0,0,0,1,0,0,0,0,0,5658,756,39,39
663cf9de6c1f755b20e7e5e5,12,24,79,79,1,0,3,3,0,0,0,1,0,0,0,0,0,9856,174,39,39
663cf9ae6c1f755b20e7e5e0,162,262,3156,55014,63,25,408,1510460,0,0,0,2,0,0,0,0,0,2171,1148,39,39
663cf9ae6c1f755b20e7e5dc,67,1990,21483,371000,915,495,3856,1743019,0,0,0,1,0,0,0,0,0,139300,520,39,39
663cf9ad6c1f755b20e7e5d8,16,109,673,11156,1103,733,5728,2973741,0,0,0,0,0,0,0,0,0,5231,121,39,39
663cf9ad6c1f755b20e7e5d1,22,98,596,7937,1,2,15,45441,0,0,1,3,0,0,0,0,0,5231,121,39,39
663cf9ad6c1f755b20e7e5cd,21,62,507,16662,0,1,0,111,0,0,0,0,0,0,0,0,0,7877,50,39,39
663cf9ac6c1f755b20e7e5c9,15,103,834,13220,68,121,558,1504760,0,0,1,3,0,0,0,0,0,5231,121,39,39
663cf74a6c1f755b20e7e58a,14,29,74,3454,1,5,15,459,0,0,0,0,0,0,0,0,0,2073,176,0,30
663cf74a6c1f755b20e7e586,19,33,149,7695,21,28,99,216439,0,0,0,0,0,0,0,0,0,448,678,0,30
663cf74a6c1f755b20e7e582,18,14,36,36,7,0,28,65549,0,0,0,0,0,0,0,0,0,2586,3361,0,30
663cf7496c1f755b20e7e57e,48,289,1889,52,204,32,918,1778478,0,0,0,3,0,0,0,0,0,2067,768,0,30
663cf7496c1f755b20e7e57a,50,16,255,255,72,77,686,1193418,0,0,0,0,0,0,0,0,0,2046,261,0,30
663cf7496c1f755b20e7e576,21,47,314,1,1,0,1,1,0,0,0,0,0,0,0,0,0,14500,9258,0,30
663cf7496c1f755b20e7e572,15,342,2047,55,26,10,79,271015,0,0,0,0,0,0,0,0,0,6744,1704,0,30
663cf7486c1f755b20e7e56e,15,3,51,51,19,7,129,281575,0,0,0,0,0,0,0,0,0,1408,626,0,30
663cf7486c1f755b20e7e56a,21,211,1792,66,1,1,34,2,0,0,0,0,0,0,0,0,0,11400,1237,0,30
663cf7486c1f755b20e7e566,17,46,62,2938,14,26,192,680776,0,0,0,1,0,0,0,0,0,5038,4342,0,30
663cf7476c1f755b20e7e562,13,11,24,389,3,8,25,144238,0,0,0,0,0,0,0,0,0,5437,1058,0,30
663cf7476c1f755b20e7e55e,15,25,61,1148,753,395,3694,1860467,0,0,0,0,0,0,0,0,0,20500,18900,0,30
663cf7476c1f755b20e7e55a,16,76,661,13158,22,39,124,147303,0,0,0,1,0,0,0,0,0,5005,944,0,30
663cf7466c1f755b20e7e556,24,17,56,683,15,22,441,1529484,0,0,0,0,0,0,0,0,0,4401,3481,0,30
663cf7466c1f755b20e7e552,25,1308,2170,85046,20,17,382,1347160,0,0,0,0,0,0,0,0,0,5136,794,0,30
663cf3ba6c1f755b20e7e517,21,14,54,1331,24,28,140,198926,0,0,0,1,0,0,0,0,0,2.423,2.193,0,30
663cf3ba6c1f755b20e7e513,15,28,48,1426,2,3,144,682608,0,0,0,1,0,0,0,0,0,742,1.174,0,30
663cf3b96c1f755b20e7e50f,146,60,178,3442,1,0,3,47,0,0,0,0,0,0,0,0,0,5.186,4.591,0,30
663cf35d6c1f755b20e7e50a,14,21,24,1,16,23,349,1423851,0,0,0,0,0,0,0,0,0,7.051,3.56,0,30
663cf35c6c1f755b20e7e4f2,15,21,84,1,5,0,3,3,0,0,0,0,0,0,0,0,0,132,4.233,0,30
663cf35c6c1f755b20e7e4ee,30,62,114,114,1,0,1,1,0,0,0,0,0,0,0,0,0,2.41,2.53,0,30
663cf35c6c1f755b20e7e4ea,376,1194,5290,8317453,8,2,52,69561,0,0,0,0,0,0,0,0,0,15,387,0,30
663cf35c6c1f755b20e7e4e6,270,1017,5771,314920,1,1,89,12257,0,0,0,0,0,0,0,0,0,15,387,0,30
663cf35b6c1f755b20e7e4de,33,22,103,103,14,14,85,470086,0,0,0,0,0,0,0,0,0,4.765,5.12,0,30
663cf35b6c1f755b20e7e4da,14,336,1990,30,2621,2047,22945,67571364,0,0,0,1,0,0,0,0,0,3.478,415,0,30
663cf35b6c1f755b20e7e4d6,34,276,1223,37733,204,32,919,1773604,0,0,0,0,0,0,0,0,0,165,239,0,30
663cefc06c1f755b20e7e4bb,28,26,279,6675,1,0,3,47,0,0,0,0,0,0,0,0,0,3753,1953,0,30
663cefc06c1f755b20e7e4b7,18,2,18,751,0,0,2,35,0,0,0,0,0,0,0,0,0,867,612,0,30
663cefc06c1f755b20e7e4b3,47,100,190,3562,1,0,1,15,0,0,0,0,0,0,0,0,0,1312,1562,0,30
663cefc06c1f755b20e7e4ac,14,26,42,1015,1,0,1,13,0,0,0,0,0,0,0,0,0,4961,4022,0,30
663cefc06c1f755b20e7e4a8,32,16,63,955,7,0,30,68020,0,0,0,1,0,0,0,0,0,6277,4862,39,39
663cefbf6c1f755b20e7e4a4,41,100,1134,36817,1,0,9,558,0,0,0,0,0,0,0,0,0,4209,1818,0,30
663cefbf6c1f755b20e7e4a0,39,103,959,23193,1,0,2,340,0,0,0,0,0,0,0,0,0,32600,1607,0,30
663cec1b6c1f755b20e7e475,23,61,95,1702,0,0,9,23077,0,0,0,0,0,0,0,0,0,2.541,2.851,0,30
663cec1a6c1f755b20e7e471,27,28,65,980,0,3,42,136036,0,0,0,0,0,0,0,0,0,7.235,5.61,0,30
663cec1a6c1f755b20e7e46d,27,29,62,777,0,0,11,29266,0,0,0,0,0,0,0,0,0,4.845,4.034,0,30
663cec1a6c1f755b20e7e469,18,26,203,1,3,8,24,141116,0,0,0,0,0,0,0,0,0,145,9.258,0,30
663cec1a6c1f755b20e7e465,23,19,183,183,1,10,42,152856,0,0,0,0,0,0,0,0,0,127,4.67,0,30
663ce75bc4081afbb717cd04,14,66,384,11263,0,0,1,82,0,0,0,1,0,0,0,0,0,24100,12500,0,30
663ce75ac4081afbb717cd00,21,31,227,5117,1,0,2,19,0,0,0,0,0,0,0,0,0,283,838,0,30
663ce75ac4081afbb717ccfc,15,74,523,14195,1,0,1,74,0,0,0,0,0,0,0,0,0,11400,342,0,30
663ce75ac4081afbb717ccf8,22,13,174,1,0,0,6,6,0,0,0,0,0,0,0,0,0,84200,227,0,30
663ce75ac4081afbb717ccf4,22,28,189,3394,1,0,2,25,0,0,0,0,0,0,0,0,0,4238,942,0,30
663ce759c4081afbb717ccf0,19,38,521,1,0,0,4,4,0,0,0,0,0,0,0,0,0,485,91,0,30
663ce759c4081afbb717ccec,83,80,817,11,2,0,1,1,0,0,0,0,0,0,0,0,0,4238,942,0,30
663ce758c4081afbb717cce8,22,81,409,3,1,2,5,5,0,0,0,0,0,0,0,0,0,4440,1710,0,30
663ce758c4081afbb717cce4,19,4,44,44,0,0,1,1,0,0,0,0,0,0,0,0,0,41700,566,0,30
663ce757c4081afbb717ccd4,1486,580,7561,166537,0,0,12,604,0,0,0,4,0,0,0,0,0,2233,577,0,30
663ce757c4081afbb717ccd0,21,114,1108,30220,0,0,2,115,0,0,0,0,0,0,0,0,0,1127,302,0,30
663ce441f7594f24c659d82c,12,18,28,651,1,0,1,9,0,0,0,0,0,0,0,0,0,6439,2792,2,1
663ccc1ee907ecc663fd3680,33,28,65,898,3,12,36,146730,0,0,0,0,0,0,0,0,0,2.113,2.008,2,1
663ccc1de907ecc663fd367c,18,8,33,489,1,0,1,11,0,0,0,0,0,0,0,0,0,4354,3981,2,1
663ccc1de907ecc663fd3678,22,54,632,16651,1,0,1,157,0,0,0,0,0,0,0,0,0,20900,789,2,1
663ccc1de907ecc663fd3674,14,6,58,2796,1,0,1,11,0,0,0,0,0,0,0,0,0,2264,2826,2,1
663ccc1ce907ecc663fd3670,26,82,122,1954,3,0,14,28632,0,0,0,0,0,0,0,0,0,1.233,1.472,2,1
663caa4b742e6a6d6ea56588,17,0,17,405,0,0,1,18,0,0,0,0,0,0,0,0,0,485,267,2,1
663caa4a742e6a6d6ea56584,14,35,60,1392,267,270,1834,3043971,0,0,0,0,0,0,0,0,0,18000,4367,2,1
663caa4a742e6a6d6ea56580,58,22,118,2733,1,0,1,3,0,0,0,0,0,0,0,0,0,6.344,3.376,2,1
663caa4a742e6a6d6ea5657c,15,25,62,62,27,55,380,516914,0,0,0,0,0,0,0,0,0,1376,1000,2,1
663caa4a742e6a6d6ea56578,20,3,158,158,1,0,3,3,0,0,0,0,0,0,0,0,0,3441,1103,2,1
663caa4a742e6a6d6ea56574,16,6,77,77,1,0,2,2,0,0,0,0,0,0,0,0,0,5653,3944,2,1
663caa4a742e6a6d6ea56570,14,89,269,2,2,1,4,4,0,0,0,0,0,0,0,0,0,1376,1000,2,1
663caa4a742e6a6d6ea5656c,34,10,233,233,1,0,2,2,0,0,0,0,0,0,0,0,0,7476,2755,2,1
663caa4a742e6a6d6ea56568,32,151,803,2,37,170,472,1699877,0,0,0,0,0,0,0,0,0,21600,1634,2,1
663caa4a742e6a6d6ea56564,27,8,263,263,1,0,2,2,0,0,0,0,0,0,0,0,0,7476,2755,2,1
663caa4a742e6a6d6ea56560,14,7,66,1146,211,145,2400,7254992,0,0,0,0,0,0,0,0,0,1.829,1.031,2,1
663caa49742e6a6d6ea5655c,145,118,191,10072,18,9,486,1252997,0,0,0,0,0,0,0,0,0,451,264,2,1
663caa49742e6a6d6ea56558,17,12,246,1836,102,153,1090,1195499,0,0,0,0,0,0,0,0,0,2122,495,2,1
663caa49742e6a6d6ea56554,11,9,46,3403,0,0,3,27,0,0,0,0,0,0,0,0,0,7.458,5.766,2,1
663caa49742e6a6d6ea56550,119,130,242,16888,0,0,1,235,0,0,0,0,0,0,0,0,0,729,199,2,1
663caa49742e6a6d6ea5654c,186,157,307,12931,1,0,2,386,0,0,0,0,0,0,0,0,0,443,263,2,1
663caa49742e6a6d6ea56544,22,24,188,4999,74,285,2412,3060920,0,0,0,0,0,0,0,0,0,8.544,7.905,2,1
663caa49742e6a6d6ea56540,25,98,1123,1,37,170,472,1699004,0,0,0,0,0,0,0,0,0,187,22,2,1
663caa49742e6a6d6ea5653c,30,63,428,5,36,42,237,480809,0,0,0,2,0,0,0,0,0,3327,930,2,1
663ca527beb949f9391d1f76,12,1,21,1901,2,0,0,78,0,0,0,0,0,0,0,0,0,451,311,2,1
663ca527beb949f9391d1f72,120,67,588,95484,8,21,325,12407,0,0,0,0,0,0,0,0,0,8.514,3.074,2,1
663ca526beb949f9391d1f6e,10,16,41,408,1,0,4,8,0,0,0,0,0,0,0,0,0,6.624,2.876,2,1
663ca526beb949f9391d1f6a,19,170,2049,250374,1,0,10,3818,0,0,0,0,0,0,0,0,0,346000,622,2,1
663ca526beb949f9391d1f66,10,23,78,8201,32,6,115,2932,0,0,0,2,0,0,0,0,0,55,54,2,1
663ca526beb949f9391d1f62,26,29,113,1,2,1,14,14,0,0,0,0,0,0,0,0,0,7.81,3.28,2,1
663ca526beb949f9391d1f5e,13,1,29,29,2,7,21,118017,0,0,0,0,0,0,0,0,0,1.026,604,2,1
663ca526beb949f9391d1f5a,43,582,3921,176,211,145,2398,7242809,0,0,0,0,0,0,0,0,0,492,981,2,1
663ca526beb949f9391d1f56,14,11,61,1880,1,0,2,40,0,0,0,0,0,0,0,0,0,1.392,1.855,2,1
663ca526beb949f9391d1f52,12,5,45,45,5,0,7,7,0,0,0,0,0,0,0,0,0,267,224,2,1
663ca526beb949f9391d1f4e,86,63,171,1862,0,0,2,39,0,0,0,0,0,0,0,0,0,3.925,2.327,2,1
663c9e4dbeb949f9391d1ef9,178,226,2477,291877,2,5,30,3486,0,0,0,0,0,0,0,0,0,19,11,2,1
663c9e4dbeb949f9391d1ef5,52,464,4812,581300,0,0,2,184,0,0,0,0,0,0,0,0,0,22,6.067,2,1
663c9e4dbeb949f9391d1ef1,17,28,74,2408,1,1,1,25,0,0,0,0,0,0,0,0,0,3.826,3.126,2,1
663c9e4dbeb949f9391d1eed,22,22,125,2980,1,0,1,148,0,0,1,10,0,0,0,0,0,6.377,5.751,2,1
663c9e4dbeb949f9391d1ee9,66,11,54,7469,10,16,265,700493,0,0,0,1,0,0,0,0,0,3.274,5.243,2,1
663c9e4dbeb949f9391d1ee5,17,24,100,3077,4,8,37,136542,0,0,0,1,0,0,0,0,0,34,141,2,1
663c9e4dbeb949f9391d1ee1,20,30,115,7176,2,1,8,384,0,0,0,0,0,0,0,0,0,409,1.276,2,1
663c9e4dbeb949f9391d1edd,28,78,460,20337,2,0,4,65,0,0,0,3,0,0,0,0,0,278,754,2,1
663c9e4dbeb949f9391d1ed9,97,31,307,19868,3,3,29,703,0,0,0,0,0,0,0,0,0,636,279,2,1
663c9e4cbeb949f9391d1ed5,72,77,198,63679,1,0,1,191,0,0,0,0,0,0,0,0,0,64,344,2,1
663c9e4cbeb949f9391d1ed1,14,36,58,1841,74,285,2411,3056933,0,0,0,0,0,0,0,0,0,7.704,5,2,1
663c99be610b07b73d2577ea,34,48,157,34404,2,2,12,849,0,0,0,0,0,0,0,0,0,605,2,3,14
663c99be610b07b73d2577e0,990,3291,31920,3221090,22,80,4695,113661,0,0,0,0,0,0,0,0,0,42,0,3,14
663c99be610b07b73d2577dc,561,12458,93864,5054757,1,21,376,68721,0,0,0,0,0,0,0,0,0,39,574,3,14
663c99be610b07b73d2577d8,971,15883,162645,3539351,8,36,1871,100402,0,0,0,0,0,0,0,0,0,204,2.521,3,14
663c99be610b07b73d2577d4,53,218,1693,192620,2,1,89,2829,0,0,0,0,0,0,0,0,0,11,2.804,3,14
663c99bd610b07b73d2577d0,360,1001,13461,358052,8,8,1061,26089,0,0,0,0,0,0,0,0,0,8.968,804,3,14
663c99bd610b07b73d2577cc,1135,5026,40344,2553902,40,256,2082,146415,0,0,0,0,0,0,0,0,0,39,574,3,14
663c99bd610b07b73d2577c8,355,6010,17663,1494962,211,1349,9153,113782,0,0,0,0,0,0,0,0,0,13,938,3,14
663c99bd610b07b73d2577c4,342,13577,52466,551587,7,7,50,2284,0,0,0,0,0,0,0,0,0,12,759,3,14
663c9520610b07b73d2577bd,27,33,130,9899,1,0,1,8,0,0,0,1,0,0,0,0,0,34300,19200,39,39
663c9520610b07b73d2577b9,15,32,133,3577,19,11,496,534650,0,0,0,4,0,0,0,0,0,34300,19200,39,39
663c9520610b07b73d2577b1,150,1485,3331,52875,0,4,31,530,0,0,0,0,0,0,0,0,0,9982,4613,39,39
663c951f610b07b73d2577ad,66,1111,1235,93999,1,6,45,4416,0,0,0,0,0,0,0,0,0,365,4.733,39,39
663c951f610b07b73d2577a9,15,17,35,1411,52,7,158,1300173,0,0,0,0,0,0,0,0,0,1.057,984,39,39
663c911960bdd4d514507146,68,192,429,102900,3,0,20,3542,0,0,0,0,0,0,0,0,0,10300,1696,3,14
663c8d2860bdd4d514507109,10,17,134,6392,44,197,1846,1800370,0,0,0,0,0,0,0,0,0,466,55,3,14
663c8d2860bdd4d514507105,36,81,364,49179,2,3,6,761,0,0,0,1,0,0,0,0,0,1598,399,3,14
663c8d2860bdd4d514507101,25,0,29,324,1,0,1,19,0,0,0,0,0,0,0,0,0,1.671,4.378,3,14
663c8d2860bdd4d5145070fd,58,166,342,5535,1,10,34,121725,0,0,0,0,0,0,0,0,0,8.266,6.604,3,14
663c8d2860bdd4d5145070f9,246,493,2180,337227,2,11,35,125127,0,0,0,0,0,0,0,0,0,65,1.642,3,14
663c8d2860bdd4d5145070f5,186,561,3328,412344,1,0,3,88,0,0,0,0,0,0,0,0,0,5547,537,3,14
663c8d2760bdd4d5145070f1,36,101,1169,20804,210,143,2380,7171470,0,0,0,0,0,0,0,0,0,12,45,3,14
663c8d2760bdd4d5145070ed,66,79,966,24356,35,25,354,2154166,0,0,0,0,0,0,0,0,0,12,45,3,14
663c8d2760bdd4d5145070e9,22,0,26,888,25,16,239,1432764,0,0,0,0,0,0,0,0,0,695,398,3,14
663c8d2760bdd4d5145070e5,92,121,1171,66772,37,17,365,1722761,0,0,0,1,0,0,0,0,0,12,45,3,14
663c8d2760bdd4d5145070e1,35,36,1461,163353,3,0,185,15691,0,0,0,0,0,0,0,0,0,17,147,3,14
663c8d2760bdd4d5145070dd,14,1,12,780,1,0,1,15,0,0,0,0,0,0,0,0,0,872,332,3,14
663c8d2760bdd4d5145070d9,31,0,37,1325,74,285,2407,3052064,0,0,0,0,0,0,0,0,0,1.346,1.28,3,14
663c8d2760bdd4d5145070d5,63,390,1636,1074422,2,0,2,1746,0,0,0,0,0,0,0,0,0,258,507,3,14
663c8639dae5e9d3e3d88fae,70,1098,2988,78857,8,22,147,472627,0,0,0,0,0,0,0,0,0,143,58,3,14
663c8639dae5e9d3e3d88faa,10,35,156,63115,1,0,0,200,0,0,0,0,0,0,0,0,0,114000,209,3,14
663c8638dae5e9d3e3d88fa6,50,18,118,83130,8,1,16,3492,0,0,0,0,0,0,0,0,0,3.353,3.474,3,14
663c8638dae5e9d3e3d88fa2,22,13,20,257,44,197,1851,1799151,0,0,0,0,0,0,0,0,0,849,305,3,14
663c8638dae5e9d3e3d88f9e,72,74,96,1724,0,5,2,101,0,0,0,0,0,0,0,0,0,84900,30500,3,14
663c8638dae5e9d3e3d88f9a,43,16,72,5928,210,143,2371,7152530,0,0,0,0,0,0,0,0,0,182,141,3,14
663c8638dae5e9d3e3d88f96,25,30,72,5999,2,0,0,172,0,0,0,0,0,0,0,0,0,326500,170500,3,14
663c18e9e59a1b9e6d48b721,372,494,3789,474275,58,25,381,1425778,0,0,0,0,0,0,0,0,0,2416,1.242,3,14
663c18e9e59a1b9e6d48b71d,180,200,207,7557,148,180,2169,5031030,0,0,0,0,0,0,0,0,0,585,88,3,14
663c18e8e59a1b9e6d48b719,17,228,5998,63281,148,180,2169,5031030,0,0,0,0,0,0,0,0,0,1025,46,3,14
663c18e8e59a1b9e6d48b715,13572,18460,19929,206194,26,7,77,261049,0,0,0,0,0,0,0,0,0,1473,347,3,14
663c18e8e59a1b9e6d48b70e,232,11987,2971,70762,3,2,66,0,0,0,0,0,0,0,0,0,0,822,163,3,14
663c18e8e59a1b9e6d48b707,20,277,284,26634,2,3,133,622988,0,0,0,0,0,0,0,0,0,654,221,3,14
663c18e8e59a1b9e6d48b703,58,245,255,2373,24,15,232,1396938,0,0,0,0,0,0,0,0,0,442,447,3,14
663c18e7e59a1b9e6d48b6ff,82,2611,10102,344994,17838,9409,82136,235776880,0,0,0,1,0,0,0,0,0,1.862,192,3,14
663c18e7e59a1b9e6d48b6fb,22,368,3267,213447,166,112,1859,5022154,0,0,0,0,0,0,0,0,0,923,344,3,14
663c18e7e59a1b9e6d48b6f7,119,53,122,8640,20,34,103,120205,0,0,0,0,0,0,0,0,0,297,288,3,14
663c18e7e59a1b9e6d48b6f3,90,450,2517,195865,0,51,574,1782755,0,0,0,0,0,0,0,0,0,3197,1.152,3,14
663c18e7e59a1b9e6d48b6ef,1098,1233,4104,680372,4,4,171,14018,0,0,0,0,0,0,0,0,0,103,9.598,3,14
663c18e7e59a1b9e6d48b6eb,38,174,1129,144135,13,0,1,1062,0,0,0,0,0,0,0,0,0,431,684,3,14
663c18e7e59a1b9e6d48b6e7,53,2474,12048,242617,742,393,3657,1833933,0,0,0,0,0,0,0,0,0,5418,194,3,14
663c0c361935dc5285a348c9,15,49,128,1994,2,5,8,59,0,0,0,0,0,0,0,0,0,469,417,39,39
663c0c361935dc5285a348c2,11,0,0,13,148,179,2166,5023870,0,0,0,0,0,0,0,0,0,173,221,39,39
663c0bdd1935dc5285a348b7,41,561,2165,80,207,133,2262,6827277,0,0,0,0,0,0,0,0,0,3008,1.322,3,14
663c0bdd1935dc5285a348b3,45,269,880,19,17835,9408,82167,235566321,0,0,0,0,0,0,0,0,0,3008,1.322,3,14
663c0bdd1935dc5285a348af,163,149,288,18810,6,8,19,1356,0,0,0,0,0,0,0,0,0,6.387,5.627,3,14
663c0bdd1935dc5285a348ab,37,1066,3560,34,35,15,351,1666725,0,0,0,0,0,0,0,0,0,3008,1.322,3,14
663c0bdd1935dc5285a348a7,26,4,61,3274,15,8,51,97296,0,0,0,0,0,0,0,0,0,5.289,807,3,14
663c0bdc1935dc5285a348a3,23,7,7,3586,32,24,346,2085528,0,0,0,0,0,0,0,0,0,6768,2.264,3,14
663c0bdc1935dc5285a3489f,49,30,24,8423,37,170,464,1669198,0,0,0,0,0,0,0,0,0,676800,2264,3,14
663c0bdc1935dc5285a3489b,21,99,183,22617,32,14,111,309219,0,0,0,0,0,0,0,0,0,13300,1,3,14
663c081f1935dc5285a3488e,64,57,159,18271,0,3,3,440,0,0,1,3,0,0,0,0,0,512100,1087,39,39
663c081f1935dc5285a3488a,127,412,1996,159463,9,21,142,66404,0,0,0,0,0,0,0,0,0,113,685,39,39
663c081f1935dc5285a34886,23,15,57,6195,1,0,1,11,0,0,0,0,0,0,0,0,0,4667,2627,39,39
663c081e1935dc5285a34882,44,69,386,48112,270,488,2512,4360999,0,0,0,0,0,0,0,0,0,5.63,638,39,39
663c081e1935dc5285a3487b,11,26,100,3,0,4,22,94936,0,0,0,1,0,0,0,0,0,274,7.451,39,39
663c04c01935dc5285a3486e,18,39,31,2094,37,23,314,927065,0,0,0,6,0,0,0,0,0,0,0,39,39
663c04c01935dc5285a3486a,30,250,436,0,154,210,2587,4287865,0,0,0,0,0,0,0,0,0,0,0,39,39
663c04c01935dc5285a34866,16,61,101,13130,0,0,0,48,0,0,0,0,0,0,0,0,0,5396,428,39,39
663c045e1935dc5285a3485e,106,1613,1731,93,19,657,696,30,0,0,0,0,0,0,0,0,0,856,2.247,39,39
663c045e1935dc5285a3485a,30,171,220,4,7,40,63,4,0,0,0,2,0,0,0,0,0,202,5.006,39,39
663c045d1935dc5285a34856,184,104,202,18609,0,5,16,180,0,0,0,0,0,0,0,0,0,269,6.226,39,39
663c045d1935dc5285a34852,17,283,319,8268,1,0,4,168,0,0,0,0,0,0,0,0,0,202,5.006,39,39
663c045d1935dc5285a3484e,36,399,904,35177,0,0,2,96,0,0,0,1,0,0,0,0,0,1401,797,39,39
663c045d1935dc5285a3484a,42,50,106,2,16,23,348,1409210,0,0,0,0,0,0,0,0,0,202,5.005,39,39
663bff2a1935dc5285a34843,43,78,889,17289,8,8,81,180664,0,0,1,1,0,0,0,0,0,616,3.566,39,39
663bff2a1935dc5285a3483f,102,54,105,33854,21,18,281,1016649,0,0,0,3,0,0,0,0,0,64,344,39,39
663bff2a1935dc5285a3483b,39,55,137,17189,1,0,15,890,0,0,0,0,0,0,0,0,0,29200,1090,39,39
663bff291935dc5285a34837,54,2234,6584,116,2,136,542,14,0,0,0,0,0,0,0,0,0,11,508,39,39
663bff291935dc5285a34833,23,254,1077,33529,0,3,141,583685,0,0,0,1,0,0,0,0,0,4.243,2.51,39,39
663bfebb1935dc5285a3482e,461,247,1516,21134,0,4,22,92872,0,0,0,0,0,0,0,0,0,254,7.611,39,39
663bfebb1935dc5285a3482a,11,86,119,7535,5,17,88,308180,0,0,0,4,0,0,0,0,0,139,4.018,39,39
663bfebb1935dc5285a34826,15,53,181,2472,15,8,51,96308,0,0,0,0,0,0,0,0,0,8.602,182,39,39
663bfeba1935dc5285a34822,2507,19983,76700,6451128,22,228,1996,101192,0,0,0,1,0,0,0,0,0,4844,2.765,39,39
663bfeba1935dc5285a3481e,47,107,299,13415,164,111,1847,4936164,0,0,0,2,0,0,0,0,0,221,108,39,39
663bfeba1935dc5285a3481a,82,959,1686,40312,6,56,130,3444,0,0,0,0,0,0,0,0,0,350,20,39,39
663bfeb91935dc5285a34816,300,1101,3068,147969,15,14,273,4709,0,0,0,3,0,0,0,0,0,12,4.376,39,39
663bb071e7ec6709e1c2f9d7,26,143,1040,32925,1,0,3,564,0,0,0,2,0,0,0,0,0,6089,594,0,30
663bb02ae7ec6709e1c2f9c0,15,1,51,679,42,86,1109,3152543,0,0,0,0,0,0,0,0,0,119,2.188,39,39
663b3174f27dfb47fc32e11d,25,29,224,4005,1,0,1,67,0,0,0,2,0,0,0,0,0,885,166,2,1
663b3174f27dfb47fc32e119,22,91,738,13394,2,0,3,319,0,0,3,4,11,0,0,0,0,5.205,121,39,39
663b3174f27dfb47fc32e115,12,26,168,3071,76,192,1927,7676866,0,0,2,4,0,0,0,0,0,5.205,121,39,39
663b313ff27dfb47fc32e10e,51,31,244,53494,117,120,1984,0,0,0,0,3,0,0,0,0,0,134,2.546,39,39
663b313ff27dfb47fc32e10a,25,6,79,1369,0,1,2,31,0,0,0,1,0,0,0,0,0,8882,8499,39,39
663b313ff27dfb47fc32e106,23,4,42,875,4,0,9,65,0,0,0,0,0,0,0,0,0,1203,528,39,39
663b313ff27dfb47fc32e102,33,468,1764,17460,1,31,120,977,0,0,0,1,0,0,0,0,0,572,282,39,39
663b313ff27dfb47fc32e0fe,22,9,68,1260,76,272,3322,12663741,0,0,0,0,0,0,0,0,0,8.755,8.365,39,39
663b26a65c43cd15fadc8b1f,29,1153,4500,58870,2,5,78,123241,0,0,0,1,0,0,0,0,0,5684,645,39,39
663b26a55c43cd15fadc8b1b,12,50,696,32718,738,391,3661,1809808,0,0,0,0,0,0,0,0,0,384,294,39,39
663b26a55c43cd15fadc8b17,26,826,3987,253117,1,2,66,14581,0,0,0,1,0,0,0,0,0,196,548,39,39
663b26a55c43cd15fadc8b10,31,22,64,1377,3,1,3,107,0,0,0,1,0,0,0,0,0,1875,1831,39,39
663b17fe5c43cd15fadc8ae5,99,1570,22875,3237532,17,28,331,666673,0,0,0,0,0,0,0,0,0,2,215,39,39
663b17fe5c43cd15fadc8ae1,67,2426,6019,133963,250,78,1838,0,0,0,0,1,0,0,0,0,0,12,509,39,39
663b17fe5c43cd15fadc8add,394,1957,4504,356068,21,41,838,15730,0,0,0,0,0,0,0,0,0,366,1.89,39,39
663b17fe5c43cd15fadc8ad9,204,1808,9242,2538859,7,8,306,19974,0,0,0,0,0,0,0,0,0,2.932,2.828,39,39
663b17fe5c43cd15fadc8ad5,16,42,63,771,1,2,22,32084,0,0,0,4,0,0,0,0,0,2.105,1.636,39,39
663b17fd5c43cd15fadc8ad1,12,146,868,9158,1075,684,5611,2756421,0,0,0,1,0,0,0,0,0,322,145,39,39
663b17fd5c43cd15fadc8acd,53,1370,15355,5637472,0,5,9,7153,0,0,0,0,0,0,0,0,0,2000000,215,39,39
663b17fd5c43cd15fadc8ac9,55,275,3639,1866000,10,7,38,69450,0,0,0,0,0,0,0,0,0,22,6.068,39,39
663b17fd5c43cd15fadc8ac5,18,16,30,835,1,0,2,27,0,0,0,0,0,0,0,0,0,2298,2133,39,39
663b17fd5c43cd15fadc8ac1,21,76,246,11107,2,0,5,261,0,0,0,3,0,0,0,0,0,55300,3429,39,39
663b045dd7b0e478e4e4509f,89,58,685,194331,33,14,327,1554689,0,0,0,1,0,0,0,0,0,33,342,3,14
663b045dd7b0e478e4e4509b,51,916,11406,138145,0,4,33,1222,0,0,0,1,0,0,0,0,0,38,525,3,14
663b045dd7b0e478e4e45097,20,126,1165,48759,0,0,2,131,0,0,0,1,0,0,0,0,0,38,525,3,14
663b045dd7b0e478e4e45093,21,99,1416,45087,0,0,1,133,0,0,0,1,0,0,0,0,0,38,525,3,14
663b045cd7b0e478e4e4508f,22,52,146,146,26,143,376,1373940,0,0,0,1,0,0,0,0,0,52,1.289,3,14
663b045cd7b0e478e4e4508b,77,138,605,4,7,18,101,297488,0,0,0,0,0,0,0,0,0,1466,305,3,14
663b045cd7b0e478e4e45087,43,247,853,6,0,5,28,28,0,0,0,0,0,0,0,0,0,1736,1.957,3,14
663b045cd7b0e478e4e45080,28,50,69,5968,6,11,68,269618,0,0,0,0,0,0,0,0,0,184,53,3,14
663b045cd7b0e478e4e4507c,75,346,1027,4,23,13,216,1265691,0,0,0,0,0,0,0,0,0,1798,260,3,14
663afe82d7b0e478e4e45073,11,49,244,5588,0,2,132,512831,0,0,0,0,0,0,0,0,0,251,275,39,39
663afe82d7b0e478e4e4506f,20,34,94,2987,35,12,256,1888343,0,0,0,2,0,0,0,0,0,908,844,39,39
663afe81d7b0e478e4e4505c,12,18,192,9438,17796,9096,81379,231354441,0,0,0,1,0,0,0,0,0,949,814,39,39
663afe81d7b0e478e4e45055,14,26,42,2417,2,1,6,157,0,0,0,0,0,0,0,0,0,21000,11000,39,39
663afe81d7b0e478e4e45051,28,197,201,2689,0,0,0,1,0,0,0,1,0,0,0,0,0,1990,19,2,1
663afe81d7b0e478e4e4504d,15,13,93,603,1,0,1,12,0,0,0,2,0,0,0,0,0,5881,4426,39,39
663ac328ce2c85c0a9879b5d,26,13,28,28,535,704,12646,20618805,0,0,0,0,0,0,0,0,0,143,20,3,14
663ac328ce2c85c0a9879b59,61,35,58,58,10,18,58,91323,0,0,0,0,0,0,0,0,0,143,20,3,14
663ac327ce2c85c0a9879b52,127,121,131,6355,1,0,0,192,0,0,0,1,0,0,0,0,0,1217,129,3,14
663ac327ce2c85c0a9879b4e,22,71,425,14465,0,0,3,98,0,0,0,0,0,0,0,0,0,64700,10400,3,14
663ac327ce2c85c0a9879b4a,15,0,23,845,1,0,0,175,0,0,0,0,0,0,0,0,0,620,84,3,14
663ac327ce2c85c0a9879b46,15,16,18,1219,10,7,33,60080,0,0,0,0,0,0,0,0,0,5.071,0,3,14
663ac327ce2c85c0a9879b42,44,23,312,3424,1,0,2,28,0,0,0,0,0,0,0,0,0,152,112,3,14
663ac326ce2c85c0a9879b3e,33,34,54,1317,1,0,2,56,0,0,0,0,0,0,0,0,0,1.665,913,3,14
663ac326ce2c85c0a9879b3a,31,22,45,4068,1,0,1,54,0,0,0,0,0,0,0,0,0,5772,5900,3,14
663ac326ce2c85c0a9879b36,29,97,219,42824,0,0,2,23,0,0,0,0,0,0,0,0,0,932,168,3,14
663ac326ce2c85c0a9879b32,18,81,407,57428,16,21,333,1342417,0,0,1,4,3,0,0,0,0,1.962,2.151,3,14
663ac325ce2c85c0a9879b2e,14,33,186,10823,59,37,1048,3329034,0,0,0,0,0,0,0,0,0,3.802,1.284,3,14
663ac325ce2c85c0a9879b2a,31,143,1132,520074,19,14,186,738897,0,0,0,4,0,0,0,0,0,50,163,3,14
663ac324ce2c85c0a9879b26,14,18,47,8690,36,21,292,872702,0,0,0,0,0,0,0,0,0,2.157,856,3,14
663ac324ce2c85c0a9879b1f,194,188,202,8240,1072,673,5562,2693814,0,0,0,0,0,0,0,0,0,12,334,3,14
663ac324ce2c85c0a9879b1b,30,224,1047,228557,107,69,1583,4910211,0,0,0,3,0,0,0,0,0,686,803,3,14
663ab9ece941ce314951084e,19,18,158,19113,1,7,37,4926,0,0,0,0,0,0,0,0,0,196,2.009,3,14
663ab9ebe941ce314951084a,25,17,85,5649,13,19,202,446277,0,0,0,0,0,0,0,0,0,76,1.251,3,14
663ab9ebe941ce3149510846,25,40,73,5876,0,0,0,0,0,0,0,0,0,0,0,0,0,269,954,3,14
663ab9ebe941ce3149510842,45,16,167,3893,0,0,2,65,0,0,0,0,0,0,0,0,0,332,5.432,3,14
663ab9ebe941ce314951083e,161,33,409,87730,11,5,28,4882,0,0,0,0,0,0,0,0,0,8.873,5.976,3,14
663ab9ebe941ce314951083a,19,58,530,30953,0,2,20,2176,0,0,0,1,0,0,0,0,0,2806,417,3,14
663ab9ebe941ce3149510836,13,42,152,36252,1,0,1,461,0,0,0,0,0,0,0,0,0,62,4.88,3,14
663ab9ebe941ce3149510832,13,4,16,513,1,0,1,32,0,0,0,2,0,0,0,0,0,4.648,4.366,3,14
663ab9ebe941ce314951082e,15,29,94,33312,0,0,1,489,0,0,0,0,0,0,0,0,0,62,4.88,3,14
663ab9ebe941ce314951082a,18,51,1120,13345,31,19,311,1864624,0,0,0,0,0,0,0,0,0,14,119,3,14
663ab9eae941ce3149510826,78,2948,59622,512625,1,0,88,3936,0,0,0,1,0,0,0,0,0,2083,20,3,14
663ab9eae941ce3149510822,24,13,88,9746,144,91,1624,4084556,0,0,0,13,0,0,0,0,0,112,215,3,14
663ab9eae941ce314951081e,178,1298,34607,1539909,265,24,1121,1541919,0,0,0,3,0,0,0,0,0,42,0,3,14
663ab9eae941ce314951081a,268,667,20220,1071454,51,23,347,1286504,0,0,0,0,0,0,0,0,0,42,0,3,14
663ab9eae941ce3149510816,276,5264,55845,965861,51,93,1778,81821,0,0,0,0,0,0,0,0,0,39,577,3,14
663ab9eae941ce3149510812,37,847,4888,83553,1,0,14,2581,0,0,0,1,0,0,0,0,0,2.634,1.611,3,14
663ab9eae941ce314951080e,183,3487,93071,3048541,2,15,421,8999,0,0,0,2,0,0,0,0,0,42,0,3,14
663ab9eae941ce314951080a,67,921,10258,282986,16,21,333,1342091,0,0,0,0,0,0,0,0,0,6234,878,3,14
663a5ea7889a7bf150a00056,19,22,107,4745,1,0,1,54,0,0,0,1,0,0,0,0,0,0,0,39,39
663a5ea7889a7bf150a00052,116,211,426,212809,62,142,1305,2190743,0,0,0,1,0,0,0,0,0,365,4.732,39,39
663a5ea6889a7bf150a0004e,27,50,275,7327,1,0,1,12,0,0,1,3,3,0,0,0,0,5387,145,39,39
663a5785889a7bf150a0002c,983,1527,1779,92821,583,660,523,14141,0,0,0,0,0,0,0,0,0,1400000,794,3,14
663a5785889a7bf150a00028,27,0,31,641,60,139,1276,2150110,0,0,0,0,0,0,0,0,0,892,760,3,14
663a5785889a7bf150a00024,26,0,25,462,1,0,1,46,0,0,0,0,0,0,0,0,0,1.087,317,3,14
663a5784889a7bf150a00020,210,865,785,154765,17,14,72,341973,0,0,0,1,0,0,0,0,0,1065,526,3,14
663a5784889a7bf150a00019,72,529,1255,99052,3,6,19,52873,0,0,0,0,0,0,0,0,0,333,693,3,14
663a5784889a7bf150a00015,68,680,2133,209559,6,15,56,60669,0,0,0,0,0,0,0,0,0,333,693,3,14
663a5784889a7bf150a00011,92,723,1971,139618,21,9,175,1065514,0,0,0,0,0,0,0,0,0,333,693,3,14
663a5784889a7bf150a0000d,152,452,2765,200470,0,2,124,479649,0,0,0,1,0,0,0,0,0,70,103,3,14
663a5784889a7bf150a00009,100,1430,4042,1951508,23,13,209,1209223,0,0,0,2,0,0,0,0,0,1.598,205,3,14
663a5784889a7bf150a00005,18,49,2245,76015,35,25,355,2156174,0,0,0,2,0,0,0,0,0,12,942,3,14
663a5783889a7bf150a00001,12,11,513,60398,0,0,90,3193,0,0,0,2,0,0,0,0,0,396,479,3,14
663a5783889a7bf1509ffffd,13,0,15,1263,48,23,342,1255569,0,0,0,1,0,0,0,0,0,1.009,1.159,3,14
663a5783889a7bf1509ffff9,989,497,5401,1492491,13,20,1612,25332,0,0,0,1,0,0,0,0,0,121,4.421,3,14
663a5783889a7bf1509ffff5,69,96,214,12327,0,0,20,373,0,0,0,1,0,0,0,0,0,17400,42,3,14
663a5783889a7bf1509ffff1,54,120,1456,76047,0,1,44,1913,0,0,0,0,0,0,0,0,0,267100,1786,3,14
663a5783889a7bf1509fffed,25,22,123,19544,36,21,296,861655,0,0,0,1,0,0,0,0,0,281,55,3,14
663a5783889a7bf1509fffe9,25,1,21,1686,2,0,2,35,0,0,0,1,0,0,0,0,0,3.604,3.341,3,14
663a5783889a7bf1509fffe5,11,0,0,243,0,0,0,1,0,0,0,1,0,0,0,0,0,6379,3137,3,14
663a4d3e023686d84d4b3f30,9,21,108,6845,76,139,575,1198662,0,0,0,0,0,0,0,0,0,466,55,3,14
663a4d3e023686d84d4b3f2c,16,17,40,18151,21,9,175,1062895,0,0,0,2,0,0,0,0,0,18,838,3,14
663a4d3e023686d84d4b3f28,14,37,85,44420,1,0,6,3937,0,0,0,1,0,0,0,0,0,466,55,3,14
663a4d3e023686d84d4b3f24,35,4,16,3902,0,0,0,52,0,0,0,2,0,0,0,0,0,321,330,3,14
663a4d3e023686d84d4b3f20,17,150,569,19499,5,0,0,1513,0,0,0,0,0,0,0,0,0,321,330,3,14
663a4d3e023686d84d4b3f1c,54,75,618,46269,1,0,18,1030,0,0,0,1,0,0,0,0,0,2153,851,3,14
663a4d3e023686d84d4b3f18,100,71,504,102871,30,3,180,6223,0,0,0,6,0,0,0,0,0,1.692,4.891,3,14
663a4d3e023686d84d4b3f14,51,11,95,42694,9855,9043,72990,228640070,0,0,0,0,0,0,0,0,0,33,98,3,14
663a4d3d023686d84d4b3f10,18,7,39,4730,728,386,3604,1787411,0,0,0,2,0,0,0,0,0,1423,173,3,14
663a4d3d023686d84d4b3f0c,68,8,64,45885,118,79,1483,3536792,0,0,0,0,0,0,0,0,0,33,98,3,14
663a4d3d023686d84d4b3f08,27,85,664,67752,4,14,35,65350,0,0,0,0,0,0,0,0,0,1597,161,3,14
663a4d3d023686d84d4b3f04,12,3,53,15391,6,14,54,58749,0,0,0,0,0,0,0,0,0,222,6.52,3,14
663a4d3d023686d84d4b3f00,51,9,128,45350,22,7,163,1014247,0,0,0,0,0,0,0,0,0,33,98,3,14
663a4d3d023686d84d4b3efc,47,38,927,226825,58,126,1215,2086921,0,0,0,0,0,0,0,0,0,17,147,3,14
663a4d3d023686d84d4b3ef8,21,60,819,62830,0,0,3,1001,0,0,0,1,0,0,0,0,0,98,183,3,14
663a4d3c023686d84d4b3ef4,26,85,1236,151315,6,0,154,6826,0,0,0,1,0,0,0,0,0,1597,161,3,14
663a440139c4f63021042bc1,31,1,42,1020891,56,119,1165,2028619,0,0,0,0,0,0,0,0,0,2.381,1.656,3,14
663a440139c4f63021042bbd,892,593,257,10095,6,12,40,62004,0,0,0,1,0,0,0,0,0,1536,66,3,14
663a440139c4f63021042bb9,45,0,48,777,1,0,1,18,0,0,0,0,0,0,0,0,0,2.119,1.989,3,14
663a440139c4f63021042bb5,18,0,17,346,1,0,1,10,0,0,0,0,0,0,0,0,0,1.292,1.427,3,14
663a440139c4f63021042bb1,24,0,32,3210,1,0,1,18,0,0,0,2,0,0,0,0,0,2.478,3.352,3,14
663a440139c4f63021042bad,89,151,355,40162,7,0,32,2778,0,0,0,0,0,0,0,0,0,2.881,2.091,3,14
663a440139c4f63021042ba9,74,687,6745,80283,2,0,6,1431,0,0,0,1,0,0,0,0,0,515,129,3,14
663a440139c4f63021042ba5,22,84,495,20907,0,0,9,227,0,0,0,1,0,0,0,0,0,348,284,3,14
663a440039c4f63021042ba1,18,17,22,2807,1,0,1,19,0,0,0,0,0,0,0,0,0,1.181,131,3,14
663a440039c4f63021042b9d,22,223,1405,38513,58,7,206,1031886,0,0,0,0,0,0,0,0,0,14,61,3,14
663a3d5bc61186d6fe0f2cbb,19,143,64,10443,0,2,121,470432,0,0,0,54,0,0,0,0,0,4.851,47,3,14
663a3d5bc61186d6fe0f2cb7,12,35,549,23635,5,14,49,54085,0,0,0,4,0,0,0,0,0,5026,585,3,14
663a3d5bc61186d6fe0f2cb3,40,104,362,339438,2,4,18,40705,0,0,0,83,0,0,0,0,0,1.939,777,3,14
663a3d5bc61186d6fe0f2caf,683,750,732,27231,2,0,1,234,0,0,0,0,0,0,0,0,0,8.72,151,3,14
663a3d5ac61186d6fe0f2cab,14,14,19,5130,19,2,8,1318,0,0,0,19,0,0,0,0,0,19,2,3,14
663a3d5ac61186d6fe0f2ca7,119,321,3645,176103,114,79,1471,3496563,0,0,0,22,0,0,0,0,0,25,573,3,14
663a3d5ac61186d6fe0f2ca3,47,868,646,46742,11,1,31,2506,0,0,0,2,0,0,0,0,0,2.118,28,3,14
663a3d5ac61186d6fe0f2c9f,26,272,196,15134,0,0,0,103,0,0,0,21,0,0,0,0,0,1.608,945,3,14
663a3d5ac61186d6fe0f2c9b,25,236,236,18426,0,3,143,587310,0,0,0,1,0,0,0,0,0,1.512,996,3,14
663a3d5ac61186d6fe0f2c97,57,253,1020,45296,65,24,902,1531814,0,0,0,7,0,0,0,0,0,8976,181,3,14
663a3d59c61186d6fe0f2c93,60,188,3622,134210,22,7,163,1010675,0,0,0,1,0,0,0,0,0,931,441,3,14
663a3d59c61186d6fe0f2c8f,54,14,21,2477,114,79,1471,3495560,0,0,0,2,0,0,0,0,0,1.091,460,3,14
663a3d59c61186d6fe0f2c8b,16,170,777,7946,1,0,6,171,0,0,0,0,0,0,0,0,0,212,244,3,14
663a3d59c61186d6fe0f2c87,287,729,4377,265372,4,19,363,15170,0,0,0,1,0,0,0,0,0,6251,1.227,3,14
663a3d59c61186d6fe0f2c83,578,1028,8306,824773,55,112,1131,1981056,0,0,0,0,0,0,0,0,0,107,705,3,14
663a3d59c61186d6fe0f2c7f,45,23,82,6624,1049,664,5533,2656772,0,0,0,1,0,0,0,0,0,1.598,2.545,3,14
663a3d58c61186d6fe0f2c7b,32,7,67,658,1,0,1,3,0,0,0,2,0,0,0,0,0,266,194,3,14
663a3d58c61186d6fe0f2c77,91,33,155,7004,2,1,17,91,0,0,0,9,0,0,0,0,0,12100,11800,3,14
663a3d58c61186d6fe0f2c73,306,3438,36481,3811107,48,16,1054,2002097,0,0,0,1,0,0,0,0,0,5.64,730,3,14
663a3d58c61186d6fe0f2c6f,214,2685,26817,927204,4,39,587,21960,0,0,0,2,0,0,0,0,0,431,684,3,14
663a3d57c61186d6fe0f2c6b,37,1453,7125,220944,18,34,107,163206,0,0,0,2,0,0,0,0,0,35,63,3,14
6638f322914745e26c284a36,10,27,32,615,3183,638,5501,122836,0,0,1,10,0,0,0,0,0,468,417,39,39
6638f322914745e26c284a32,12,12,51,1416,20,7,152,947135,0,0,0,0,0,0,0,0,0,108,202,39,39
6638f322914745e26c284a2e,17,44,95,2058,5,5,39,504,0,0,0,5,0,0,0,0,0,468,417,39,39
6638f322914745e26c284a2a,20,6,20,1546,59,123,532,911993,0,0,0,2,0,0,0,0,0,1.885,0,39,39
6638f291914745e26c2849e0,17,61,170,7819,13,23,78,188431,0,0,0,9,0,0,0,0,0,926,1.891,3,14
6638f291914745e26c2849d8,42,106,206,3163,58,23,888,1509694,0,0,0,1,0,0,0,0,0,207,122,3,14
6638f291914745e26c2849d4,14,127,119,1823,279,57,587,701771,0,0,0,3,0,0,0,0,0,4.468,4.666,3,14
6625a74c914745e26c27be06,16,23,77,14800,1,0,3,290,1,0,0,19,0,0,0,0,0,252,125,39,39
6625a74c914745e26c27be02,22,27,407,78354,0,0,17,2967,0,0,2,45,0,0,0,0,0,4.222,5.017,39,39
6625a74c914745e26c27bdfe,15,10,69,3830,6,8,70,137034,0,0,0,5,0,0,0,0,0,165,340,39,39
6625a74c914745e26c27bdfa,18,61,232,6490,0,6,12,1307,0,0,1,3,0,0,0,0,0,34,76,39,39
6625a74c914745e26c27bdf6,84,107,356,9544,1,0,15,169,0,0,0,6,0,0,0,0,0,640,121,39,39
6625a336a3b3303fbcc9223d,45,45,110,2,4,3,13,13,0,0,0,51,0,0,0,0,0,202,5.006,39,39
6625a336a3b3303fbcc92236,28,101,333,2,37,46,955,1745502,0,0,0,50,0,0,0,0,0,103,878,39,39
661f994e914745e26c2799cb,13,1,41,41,0,4,22,94972,0,0,0,54,0,0,0,0,0,1.335,1.604,39,39
661f994e914745e26c2799c7,19,262,1031,30293,1,1,16,484,0,0,0,71,0,0,0,0,0,416,881,39,39
661f9907914745e26c2799c2,31,180,364,7027,276,281,3497,13338226,0,0,0,48,0,0,0,0,0,61,183,39,39
661f9907914745e26c2799be,19,20,110,1790,3,1,11,162,0,0,0,71,0,0,0,0,0,335,828,39,39
661f9907914745e26c2799ba,609,2464,4449,167066,12,199,386,12610,0,0,0,63,0,0,0,0,0,409,343,39,39
661f9907914745e26c2799b6,90,2436,5068,154907,276,281,3497,13338226,0,0,0,120,0,0,0,0,0,409,343,39,39
661f9907914745e26c2799b2,56,367,1135,32914,1,3,20,573,0,0,0,59,0,0,0,0,0,565,702,39,39
661f9907914745e26c2799ae,66,8,63,4759,1,0,0,252,0,0,0,62,0,0,0,0,0,979,963,39,39
661f8fe5914745e26c27994d,26,143,3055,68137,0,1,36,4979,0,0,0,55,0,0,0,0,0,812,37,39,39
661f8899914745e26c279904,19,105,348,4626,0,0,0,91,0,0,0,91,0,0,0,0,0,1.438,423,39,39
661f8899914745e26c279900,11,33,273,4251,0,0,1,3,0,0,1,58,0,0,0,0,0,5.092,121,39,39
661f8899914745e26c2798fc,57,1289,7243,145053,7,3,17,2044,0,0,0,68,0,0,0,0,0,505,307,39,39
661f8862914745e26c2798f7,46,204,755,35506,33,14,337,1572749,0,0,0,56,0,0,0,0,0,1068,915,39,39
661f8862914745e26c2798f3,38,19,75,1227,1,0,4,43,0,0,0,60,0,0,0,0,0,2.099,1.891,39,39
661f8862914745e26c2798ec,23,626,4846,139813,0,1,22,433,0,0,0,65,0,0,0,0,0,142,9.204,39,39
661f81de914745e26c2798dd,29,1297,13088,202488,1,6,135,2948,0,0,0,54,0,0,0,0,0,13300,748,39,39
661f81de914745e26c2798d9,13,225,1386,30918,2,0,11,320,0,0,1,56,0,0,0,0,0,583,3.872,39,39
661f81de914745e26c2798d5,30,2136,13625,402058,0,1,13,2977,0,0,0,73,0,0,0,0,0,213,148,39,39
661f81de914745e26c2798d1,57,3376,19246,522607,1,23,931,27209,0,0,0,59,0,0,0,0,0,168,974,39,39
661f81de914745e26c2798cd,49,229,3012,201834,4,2,226,9387,0,0,0,64,0,0,0,0,0,635,2.254,39,39
661f786a914745e26c27982f,52,9993,42031,419652,1,0,67,1645,0,0,0,67,0,0,0,0,0,1126,1.078,39,39
661f786a914745e26c27982b,12,70,931,72250,1,0,92,1621,0,0,0,73,0,0,0,0,0,172,2.461,39,39
661f786a914745e26c279827,20,84,2021,376278,0,0,74,7826,0,0,0,58,0,0,0,0,0,1097,408,39,39
661f51b36f4ac4cf5e3f68dd,17,4,26,1068,7,20,300,0,0,0,0,55,0,0,0,0,0,4.308,2.125,3,14
661f51b36f4ac4cf5e3f68d9,14,15,72,72,1,0,2,2,0,0,0,56,0,0,0,0,0,8.03,500,3,14
661f4d696f4ac4cf5e3f68c3,48,25,384,384,23,14,212,1263696,0,0,0,52,0,0,0,0,0,2616,2.598,39,39
661f4d696f4ac4cf5e3f68bf,15,15,63,2249,22,37,625,0,0,0,0,67,0,0,0,0,0,6.006,1.647,39,39
661f4d696f4ac4cf5e3f68b8,60,7137,32191,933802,0,0,45,6543,0,0,0,54,0,0,0,0,0,4.828,164,39,39
661f4a046f4ac4cf5e3f68b1,28,8,90,15705,1,0,5,222,0,0,1,60,0,0,0,0,0,116,927,3,14
661f4a046f4ac4cf5e3f68ad,12,6,63,6702,16,3,64,15122,0,0,1,128,0,0,0,0,0,6.928,0,3,14
661f4a046f4ac4cf5e3f68a9,103,87,724,67637,5,2,132,7123,0,0,0,83,0,0,0,0,0,333,185,3,14
661f4a046f4ac4cf5e3f68a5,19,0,89,3667,3,0,3,109,0,0,0,1,0,0,0,0,0,2.326,1.901,3,14
661f4a046f4ac4cf5e3f68a1,96,11,102,23677,1,0,1,13,0,0,0,60,0,0,0,0,0,2.32,2.104,3,14
661f45f36f4ac4cf5e3f689a,48,22,313,120915,1,0,1,175,0,0,0,50,0,0,0,0,0,121,38,3,14
661f45f36f4ac4cf5e3f6896,34,98,488,128358,3,8,24,17007,0,0,0,88,0,0,0,0,0,62,4.879,3,14
661f45f36f4ac4cf5e3f6892,28,411,6570,325413,0,0,24,1171,0,0,0,171,0,0,0,0,0,437,103,3,14
661f45f26f4ac4cf5e3f688e,611,4979,53344,2750777,4,58,935,57953,0,0,0,63,0,0,0,0,0,39,578,3,14
661f45f26f4ac4cf5e3f688a,14,209,2136,29775,0,0,8,599,0,0,0,365,0,0,0,0,0,411,1.221,3,14
661f45f26f4ac4cf5e3f6886,1604,26903,206984,6548470,8,85,3616,137949,0,0,0,47,0,0,0,0,0,42,0,3,14
661f45f26f4ac4cf5e3f6882,99,205,1920,249152,4,2,202,5760,0,0,0,60,0,0,0,0,0,3585,878,3,14
661f45f26f4ac4cf5e3f687e,149,3527,39351,1044622,0,4,148,9569,0,0,0,59,0,0,0,0,0,39,578,3,14
661f45f26f4ac4cf5e3f687a,268,3361,40215,2688158,0,11,227,19811,0,0,0,61,0,0,0,0,0,42,0,3,14
661dfa00914745e26c27938d,43,16,241,241,1,0,2,2,0,0,1,59,0,0,0,0,0,168,7.448,39,39
661dfa00914745e26c279389,32,115,436,5,1,1,31,31,0,0,0,67,0,0,0,0,0,6.172,1.684,39,39
661dfa00914745e26c279385,44,47,307,15921,1,0,4,128,1,0,1,59,0,0,0,0,0,165,1,39,39
661dfa00914745e26c279381,47,15,109,10603,1,0,4,363,1,0,1,61,0,0,0,0,0,165,1,39,39
661dfa00914745e26c27937d,40,41,129,2527,18,17,189,188620,0,0,0,70,0,0,0,0,0,115,115,39,39
661df26b11eedce6a4f644de,25,30,56,1,0,0,3,3,0,0,0,57,0,0,0,0,0,417900,154,39,39
661df26b11eedce6a4f644da,20,20,15,15,0,0,4,4,0,0,0,71,0,0,0,0,0,105400,141,39,39
661df26b11eedce6a4f644d0,50,207,782,56182,0,0,0,0,0,0,0,57,0,0,0,0,0,1.56,193,39,39
661dedeb914745e26c279374,60,146,1452,109051,1,0,6,1482,0,0,0,55,0,0,0,0,0,3,789,3,14
661dedeb914745e26c279370,68,584,6274,309860,9856,9040,73039,228811734,0,0,0,62,0,0,0,0,0,12,334,3,14
661dedea914745e26c27936c,62,197,2134,131737,0,0,1,16,0,0,0,54,0,0,0,0,0,47,972,3,14
661dedea914745e26c279368,78,438,3564,189965,2,0,1,2867,0,0,0,59,0,0,0,0,0,116,451,3,14
661dedea914745e26c279364,199,348,5923,615616,41,3,114,17289,0,0,0,60,0,0,0,0,0,309,891,3,14
661dea55914745e26c27935a,89,14,102,27961,2,0,0,140,0,0,0,52,0,0,0,0,0,29,520,3,14
661dea55914745e26c279356,20,11,15,842,2,0,1,22,0,0,0,59,0,0,0,0,0,181,33,3,14
661dea55914745e26c279352,63,51,657,101137,1,8,31,5279,0,0,0,66,0,0,0,0,0,1,2.237,3,14
661dea54914745e26c27934e,172,25,601,154046,1,3,158,13766,0,0,0,64,0,0,0,0,0,1,2.237,3,14
661dea54914745e26c27934a,9,0,27,8821,11,15,437,20646,0,0,0,86,0,0,0,0,0,197,303,3,14
661dea54914745e26c279346,43,21,97,17185,1,0,0,124,0,0,0,57,0,0,0,0,0,3102,298,3,14
661dea54914745e26c279342,25,36,504,102749,1,1,9,791,0,0,0,121,0,0,0,0,0,97,183,3,14
661de58c914745e26c27933d,47,12,1109,26901,0,0,11,139,0,0,0,64,0,0,0,0,0,7.875,168,3,14
661de58c914745e26c279339,67,107,1314,258846,4,0,19,2574,0,0,0,76,0,0,0,0,0,248,19,3,14
661de58c914745e26c279335,13,7,112,1303,1,0,1,21,1,0,1,64,0,0,0,0,0,1.708,675,3,14
661de12266b656c5427e423a,36,45,1194,118053,1,0,40,6855,0,0,0,344,0,0,0,0,0,673,5,3,14
661de12266b656c5427e4236,196,202,332,85368,3,3,5,89,0,0,1,69,0,0,0,0,0,303,18,3,14
661de12266b656c5427e4232,205,1017,12663,970550,973,1154,10589,45111846,0,0,0,59,0,0,0,0,0,526,1.057,3,14
661de12266b656c5427e422e,24,4,35,2078,973,1154,10589,45111846,0,0,0,65,0,0,0,0,0,4.343,5.112,3,14
661de12266b656c5427e422a,14,324,1251,29550,0,0,4,290,0,0,1,125,0,0,0,0,0,1829,953,3,14
661de12166b656c5427e4226,25,180,1088,117968,0,2,8,1306,0,0,0,93,0,0,0,0,0,272,587,3,14
661de12166b656c5427e4222,110,27,63,10577,5,0,12,374,0,0,0,61,0,0,0,0,0,3.643,3.789,3,14
661de12166b656c5427e421e,65,454,4885,312497,0,5,28,4687,0,0,2,137,0,0,0,0,0,272,587,3,14
661de12166b656c5427e421a,59,10,28,2601,1,0,2,67,0,0,0,68,0,0,0,0,0,5.439,5.999,3,14
661d09538220c9c05f16de8c,32,666,4163,235987,1,18,100,6259,0,0,0,59,0,0,0,0,0,0,0,39,39
661d09538220c9c05f16de88,737,1024,1028,328031,4,5,27,3211,0,0,0,62,0,0,0,0,0,0,0,39,39
661d08e68220c9c05f16de7d,11,17,248,9380,105,491,1721,62897,0,0,0,63,0,0,0,0,0,689,1.542,3,14
661d08e68220c9c05f16de79,21,200,401,265768,0,2,39,8146,0,0,0,272,0,0,0,0,0,169,656,3,14
661d0083914745e26c279255,16,1,82,7897,3,86,117,1982,17,1,1,7977,0,0,0,0,0,116,27,39,39
661d00508220c9c05f16de72,21,210,239,4774,1,0,2,83,0,0,0,58,0,0,0,0,0,194,5.012,39,39
661d00508220c9c05f16de6e,19,219,527,30,1,0,1,1,0,0,0,54,0,0,0,0,0,2.745,398,39,39
661d00508220c9c05f16de6a,53,827,1253,68,94,94,1309,3651019,0,0,0,60,0,0,0,0,0,132,172,39,39
661cfb628220c9c05f16de5e,47,58,771,120631,1,16,21,2313,0,0,0,64,0,0,0,0,0,1.916,1.046,39,39
661cfb288220c9c05f16de56,122,61,162,19375,1,3,36,501,0,0,0,51,0,0,0,0,0,3712,3.995,39,39
661cfb288220c9c05f16de52,33,287,616,10748,3,6,37,1118,0,0,0,60,0,0,0,0,0,609,183,39,39
661cfb288220c9c05f16de4e,60,139,476,7140,928,1112,9840,40223317,0,0,0,56,0,0,0,0,0,1055,230,39,39
661cf56b914745e26c2791c1,30,30,847,60197,219,219,2500,8905241,0,0,0,102,0,0,0,0,0,895,272,39,39
661cf56a914745e26c2791bd,144,1095,9080,273714,1,0,23,2017,0,0,0,57,0,0,0,0,0,148,129,39,39
661cf534914745e26c2791b8,22,5,218,218,1,0,9,9,0,0,0,57,0,0,0,0,0,173,668,39,39
661cf358914745e26c279178,12,250,1873,75771,0,3,30,3876,0,0,0,65,0,0,0,0,0,311,346,39,39
661cf358914745e26c279174,12,113,599,24860,2,0,23,1513,0,0,0,59,0,0,0,0,0,804,2.263,39,39
661cf357914745e26c279170,25,79,1645,27888,218,217,2500,8893048,0,0,0,106,0,0,0,0,0,201,640,39,39
661cf357914745e26c27916c,18,30,234,9432,1,0,10,163,0,0,0,63,0,0,0,0,0,8.74,6.085,39,39
661cf357914745e26c279168,18,345,3073,53397,218,217,2500,8893048,0,0,1,66,0,0,0,0,0,5.069,121,39,39
661b3b7b914745e26c278aca,19,6,58,3157,1,0,2,30,0,0,0,63,0,0,0,0,0,0,0,39,39
661b3b7b914745e26c278ac6,322,200,238,169820,1,4,584,14245,0,0,1,82,0,0,0,0,0,0,0,39,39
661b3b7b914745e26c278ac2,86,58,330,37339,0,7,45,224362,0,0,0,73,0,0,0,0,0,3433,2,39,39
661b3b7b914745e26c278abe,26,15,70,1581,1,2,5,123,0,0,0,70,0,0,0,0,0,1.378,117,39,39
661b10cc914745e26c278986,891,28493,212141,11920469,8,18,359,13300,0,0,0,53,0,0,0,0,0,0,0,39,39
661b10cb914745e26c278982,406,11324,66775,3692725,1,3,134,11568,0,0,0,54,0,0,0,0,0,0,0,39,39
661ae698914745e26c278872,20,12,121,121,1,0,4,4,0,0,0,88,0,0,0,0,0,0,0,3,14
661ae698914745e26c27886e,23,186,459,51113,0,10,35,3697,0,0,0,77,0,0,0,0,0,202,301,3,14
661aa687914745e26c2787d8,18,4,305,2762,5,8,82,3123222,0,0,0,87,0,0,0,0,0,671,2.052,3,14
661a8e37914745e26c2787a5,11,13,94,6403,46,45,838,2610871,0,0,0,1104,0,0,0,0,0,0,0,3,14
661a8e37914745e26c2787a1,177,2059,14757,750348,3,5,396,22313,0,0,2,253,0,0,0,0,0,0,0,3,14
661a89fb914745e26c278744,34,93,404,17636,36,40,236,476314,0,0,0,60,0,0,0,0,0,7910,5001,39,39
661a860f914745e26c2786de,30,178,1003,31600,1,0,1,59,1,0,1,67,0,0,0,0,0,0,0,39,39
661a860f914745e26c2786da,15,209,768,11563,1,0,1,64,0,0,1,60,0,0,0,0,0,414,255,39,39
661a66cc914745e26c278583,13,2,22,440,1,0,2,8,0,0,0,66,0,0,0,0,0,0,0,3,14
661a66cb914745e26c27857f,68,40,1195,556897,2,1,72,5296,0,0,0,70,0,0,0,0,0,1,1.911,3,14
661a5b66914745e26c278578,105,1183,23342,264097,1,0,21,1410,0,0,0,68,0,0,0,0,0,0,0,3,14
661a3bfb914745e26c278441,15,112,438,9521,3,0,114,147679,0,0,1,72,0,0,0,0,0,0,0,3,14
6619ea2c914745e26c2783a9,274,889,8152,497142,44,13,625,5678,0,0,0,61,0,0,0,0,0,0,0,3,14
6619ea2b914745e26c2783a5,25,33,181,18932,75,43,785,1017522,0,0,2,72,0,0,0,0,0,0,0,3,14
6619bdeb914745e26c2782a2,126,63,251,30392,21,9,302,496805,0,0,0,59,0,0,0,0,0,0,0,39,39
661993c3914745e26c27819b,13,4,21,21,1,0,1,1,0,0,0,61,0,0,0,0,0,777,420,3,14
661993c3914745e26c278197,21,72,855,14,1,3,3,3,0,0,0,67,0,0,0,0,0,122,6,3,14
661993c3914745e26c278193,29,14,96,23999,0,0,7,169,0,0,0,66,0,0,0,0,0,298,2.894,3,14
661993c3914745e26c27818f,42,205,555,16214,1833,1262,16845,37422493,0,0,0,69,0,0,0,0,0,0,0,3,14
66193f1d914745e26c27811a,37,0,31,344,0,0,0,6,0,0,0,65,0,0,0,0,0,33,77,39,39
6618ea9b914745e26c277ebd,77,1680,2343,203,3,46,158,3,0,0,0,69,0,0,0,0,0,581,1.701,39,39
6618ea9b914745e26c277eb9,25,131,433,2,21,70,894,2496680,0,0,0,56,0,0,0,0,0,391,407,39,39
661877366708315f29b1488f,442,1692,1802,4024,0,6,7,122,0,0,0,69,0,0,0,0,0,536,3,39,39
661877366708315f29b1488b,135,158,793,10844,1,0,7,89,0,0,0,74,0,0,0,0,0,129,2.136,39,39
661877366708315f29b14887,40,200,300,6783,2,16,42,912,0,0,0,73,0,0,0,0,0,211,6.965,39,39
661877366708315f29b14883,337,239,579,33886,3,28,136,2230,0,0,0,75,0,0,0,0,0,723,852,39,39
661877356708315f29b1487f,53,425,3249,30040,5680,7284,50435,84739830,0,0,0,88,0,0,0,0,0,1165,254,39,39
661877356708315f29b1487b,87,75,446,5955,5,1,21,217,0,0,0,67,0,0,0,0,0,194,181,39,39
661877356708315f29b14877,65,219,1039,55914,727,692,9352,18705705,0,0,0,74,0,0,0,0,0,5351,953,39,39
661877356708315f29b14873,1743,7306,31112,1569012,124,93,1308,46196,0,0,0,69,0,0,0,0,0,6748,454,39,39
661877356708315f29b1486f,3126,6645,34402,36450158,211,349,3274,12844628,0,0,0,49,0,0,0,0,0,34,122,39,39
661877356708315f29b1486b,24,665,4848,145477,267,26,1133,1558576,0,0,0,66,0,0,0,0,0,9183,194,39,39
661877356708315f29b14867,24,252,919,344,1,8,70,3,0,0,0,125,0,0,0,0,0,4.223,3.216,39,39
661877356708315f29b14863,22,243,988,5,0,0,5,5,0,0,0,57,0,0,0,0,0,1199,433,39,39
661877356708315f29b1485f,50,51,100,1896,1,0,2,35,0,0,1,68,0,0,0,0,0,2062,836,39,39
661877356708315f29b1485b,47,209,2173,44,5,28,314,3,0,0,0,66,0,0,0,0,0,164300,2128,39,39
661877356708315f29b14857,18,597,828,74,1,15,29,1,0,0,0,96,0,0,0,0,0,513,452,39,39
661876c86708315f29b14841,47,195,260,7378,1,0,3,26,0,0,0,66,0,0,0,0,0,2243,345,39,39
661876c76708315f29b1483d,291,218,329,40250,2,19,72,1093,0,0,0,63,0,0,0,0,0,4054,343,39,39
661876c76708315f29b14839,3117,3805,5301,751768,14,231,666,13513,0,0,0,49,0,0,0,0,0,4054,343,39,39
661876c76708315f29b14835,27,115,600,238187,1,12,49,11164,0,0,0,96,0,0,0,0,0,37,99,39,39
661793e1d4d8b557d41e0e65,14,5,24,24,909,651,9590,14562005,1,0,1,64,0,0,0,0,0,5.107,2.855,39,39
661793e1d4d8b557d41e0e61,18,16,54,54,1,0,1,1,0,0,1,65,0,0,0,0,0,0,0,39,39
661793e1d4d8b557d41e0e5d,69,296,334,8,4,3,17,17,0,0,0,65,0,0,0,0,0,0,0,39,39
661793e1d4d8b557d41e0e59,70,44,510,10927,1,0,1,42,0,0,1,79,0,0,0,0,0,0,0,39,39
661793e1d4d8b557d41e0e55,78,30,480,480,1,1,4,4,0,0,1,72,0,0,0,0,0,4.176,3.346,39,39
661793e1d4d8b557d41e0e51,24,70,767,26613,1,0,1,74,0,0,0,73,0,0,0,0,0,4.568,677,39,39
661793e1d4d8b557d41e0e4d,57,1226,7276,134343,2,2,65,9374,0,0,0,66,0,0,0,0,0,0,0,39,39
6617912dd4d8b557d41e0db9,41,19,276,3,1,0,1,1,0,0,0,66,0,0,0,0,0,464,266,39,39
6617912dd4d8b557d41e0db5,13,78,347,11,23,30,282,865912,0,0,1,70,0,0,0,0,0,1.562,706,39,39
661764235c5b69fa3608d834,24,56,462,6539,7,0,30,68155,0,0,0,71,0,0,0,0,0,1528,686,39,39
661764085c5b69fa3608d82f,46,33,155,4224,0,2,20,202,0,0,1,79,0,0,0,0,0,3.376,851,39,39
661764085c5b69fa3608d82b,24,34,229,19110,1,0,2,75,0,0,0,75,0,0,0,0,0,126,1.037,39,39
661764085c5b69fa3608d827,14,10,50,50,1,0,1,1,0,0,0,70,0,0,0,0,0,1.243,134,39,39
661764085c5b69fa3608d823,16,860,3909,371305,4,75,388,20377,0,0,0,73,0,0,0,0,0,329,2.254,39,39
661764085c5b69fa3608d81f,515,3733,16293,424997,54,40,822,47146,0,0,0,43,0,0,0,0,0,1105,932,39,39
661764075c5b69fa3608d81b,15,368,3848,55809,1,0,13,1600,0,0,0,83,0,0,0,0,0,1.465,64,39,39
661764075c5b69fa3608d817,29,274,1730,334992,1,0,26,3274,0,0,0,69,0,0,0,0,0,2.608,179,39,39
661764075c5b69fa3608d813,63,174,17135,280754,1,0,99,12151,0,0,1,108,0,0,0,0,0,5.038,1.156,39,39
661764075c5b69fa3608d80f,28,24,130,1501,0,1,6,148,0,0,0,66,0,0,0,0,0,2.851,2.366,39,39
661764075c5b69fa3608d80b,41,35,312,3338,1,1,11,75,0,0,1,77,0,0,0,0,0,2.429,1.528,39,39
661764075c5b69fa3608d807,29,59,807,13831,1,0,1,68,0,0,0,90,0,0,0,0,0,7.638,51,39,39
661764065c5b69fa3608d803,17,158,1788,57200,1,1,5,7265,0,0,1,79,0,0,0,0,0,1583,56,39,39
661764065c5b69fa3608d7ff,14,2418,24180,373262,2,5,37,2467,0,0,0,295,0,0,0,0,0,7.041,0,39,39
6617639a5c5b69fa3608d7f7,50,759,2044,91432,362,252,4131,13813321,0,0,0,71,0,0,0,0,0,3.056,1.806,39,39
6617639a5c5b69fa3608d7f3,71,109,1088,107774,1,0,6,957,0,0,0,76,0,0,0,0,0,4.4,946,39,39
6617639a5c5b69fa3608d7ef,28,271,2330,186026,0,0,20,1402,0,0,0,70,0,0,0,0,0,501,6.118,39,39
6617639a5c5b69fa3608d7eb,16,1,76,76,1,0,3,3,0,0,0,59,0,0,0,0,0,3173,1355,39,39
6617639a5c5b69fa3608d7e7,20,9,200,1,1,0,3,3,0,0,0,69,0,0,0,0,0,12600,2754,39,39
66175f585c5b69fa3608d74c,50,232,2069,784225,0,0,1,744,0,0,0,69,0,0,0,0,0,9584,1,39,39
66175f585c5b69fa3608d748,51,331,2548,128256,0,0,2,116,0,0,0,64,0,0,0,0,0,9584,1,39,39
66175f575c5b69fa3608d744,178,657,888,9463,2,7,19,190,0,0,1,63,0,0,0,0,0,1.156,1.244,39,39
66175f575c5b69fa3608d740,28,317,634,69259,0,0,11,1198,0,0,0,92,0,0,0,0,0,2883,0,39,39
66175f575c5b69fa3608d73c,11,83,122,82853,0,0,5,701,0,0,0,86,0,0,0,0,0,7.002,430,39,39
66175f575c5b69fa3608d738,47,6,40,4578,4,0,4,277,0,0,0,65,0,0,0,0,0,607,1.04,39,39
66175f565c5b69fa3608d734,57,130,985,72991,8,0,11,3006,0,0,0,68,0,0,0,0,0,505,144,39,39
66175f565c5b69fa3608d730,40,671,4691,83213,1,3,52,1844,0,0,0,66,0,0,0,0,0,359,539,39,39
66175f565c5b69fa3608d72c,17,84,126,1925,0,0,9,87,0,0,2,115,0,0,0,0,0,513,7.653,39,39
66175f565c5b69fa3608d728,11,32,326,9054,5567,7079,49552,81695709,0,0,0,73,0,0,0,0,0,4.263,11,39,39
66175f565c5b69fa3608d724,17,29,251,22684,32,18,327,14199,0,0,0,65,0,0,0,0,0,191,940,39,39
66175f555c5b69fa3608d720,16,53,115,5128,1,2,2,135,0,0,1,77,0,0,0,0,0,3359,5027,39,39
66175f555c5b69fa3608d71c,118,160,506,16899,1,6,76,528,0,0,0,72,0,0,0,0,0,7151,233,39,39
66175f555c5b69fa3608d718,42,139,6078,161625,5567,7079,49551,81697060,0,0,0,87,0,0,0,0,0,7737,426,39,39
66175f545c5b69fa3608d714,22,155,286,1993,2,1,7,273,0,0,0,76,0,0,0,0,0,6.262,236,39,39
66175f545c5b69fa3608d710,227,8441,89270,4440295,10,919,9340,240353,0,0,0,146,0,0,0,0,0,1.365,263,39,39
66175f545c5b69fa3608d70c,529,22745,187151,9549719,0,0,2,28,0,0,0,61,0,0,0,0,0,21,6.07,39,39
66175f545c5b69fa3608d708,70,912,5647,328115,0,0,18,991,0,0,0,76,0,0,0,0,0,9664,1,39,39
66175f535c5b69fa3608d704,68,4511,34786,748564,0,1,58,20773,0,0,0,65,0,0,0,0,0,822,49,39,39
66175f535c5b69fa3608d700,264,3690,29799,4059942,1,1,15,1416,0,0,0,79,0,0,0,0,0,27,74,39,39
66175be65c5b69fa3608d692,39,266,1209,718904,4,9,113,8278,0,0,0,68,0,0,0,0,0,1521,285,39,39
66175be65c5b69fa3608d68e,67,548,1936,115272,13,24,139,10734,0,0,0,73,0,0,0,0,0,244,764,39,39
66175be65c5b69fa3608d68a,18,431,2619,46176,2,0,47,1845,0,0,0,82,0,0,0,0,0,348,65,39,39
66175be55c5b69fa3608d686,21,1138,8308,129177,1,0,3,322,0,0,0,67,0,0,0,0,0,3.667,1.231,39,39
66175be55c5b69fa3608d682,21,801,5115,50146,4,0,18,841,0,0,0,93,0,0,0,0,0,21,845,39,39
66175be55c5b69fa3608d67e,12,328,2596,55239,1,0,1,230,0,0,0,78,0,0,0,0,0,148,751,39,39
66175be55c5b69fa3608d67a,49,3,38,659,115,28,85,1936,0,0,0,60,0,0,0,0,0,1.773,375,39,39
66175be55c5b69fa3608d676,14,20,95,6830,1,2,16,444,0,0,0,519,0,0,0,0,0,4.23,2.517,39,39
66175be55c5b69fa3608d672,12,192,1113,20663,2,184,787,10653,0,0,0,74,0,0,0,0,0,113,446,39,39
66175be45c5b69fa3608d66e,15,21,55,1039,1,0,1,23,1,0,1,75,0,0,0,0,0,663,787,39,39
66175be45c5b69fa3608d66a,22,528,4876,46851,0,0,3,801,0,0,0,80,0,0,0,0,0,7.206,109,39,39
66175be45c5b69fa3608d666,15,32,124,2056,1,0,2,102,1,0,1,72,0,0,0,0,0,1.616,52,39,39
66175be45c5b69fa3608d662,14,133,763,8817,1,0,1,83,0,0,0,80,0,0,0,0,0,512,488,39,39
66175be45c5b69fa3608d65e,36,1,40,3286,308,218,3627,5479457,0,0,0,75,0,0,0,0,0,2.613,2.112,39,39
66175be45c5b69fa3608d65a,180,36,1071,22053,1,0,3,169,0,0,0,68,0,0,0,0,0,211,1.238,39,39
66175be45c5b69fa3608d656,50,121,386,54777,2,1,27,2325,0,0,0,69,0,0,0,0,0,2.688,433,39,39
66175be35c5b69fa3608d652,217,97,345,224725,66,38,628,0,0,0,0,73,0,0,0,0,0,13,20,39,39
66175be35c5b69fa3608d64e,129,198,417,67345,8,0,95,4128,0,0,0,78,0,0,0,0,0,55400,387,39,39
66175be35c5b69fa3608d64a,46,717,12182,315256,6210,7876,55496,112770615,0,0,0,74,0,0,0,0,0,776,308,39,39
66175be35c5b69fa3608d646,118,493,1837,217403,0,0,13,1620,0,0,0,69,0,0,0,0,0,56,183,39,39
661576429647027c24640d8c,11,55,54,4005,18,69,128,4405,0,1,1,162,0,0,0,0,0,167,1.59,3,14
661576429647027c24640d88,15,0,24,766,1,0,1,8,0,0,0,71,0,0,0,0,0,990,823,3,14
661576419647027c24640d84,54,0,72,2746,1,0,1,7,0,0,0,57,0,0,0,0,0,3.031,4.797,3,14
661576419647027c24640d80,14,16,290,20005,155,13156,109842,2746595,0,0,0,72,0,0,0,0,0,38,523,3,14
661576419647027c24640d7c,17,104,1233,44701,0,0,3,249,0,0,0,63,0,0,0,0,0,38,523,3,14
661576409647027c24640d78,16,15,148,0,267,795,10432,1095572,0,0,0,64,0,0,0,0,0,23,1.079,3,14
661576409647027c24640d74,35,380,3968,107885,0,2,48,1007,0,0,0,75,0,0,0,0,0,38,523,3,14
661576409647027c24640d70,21,229,4168,69468,0,0,0,47,0,0,0,63,0,0,0,0,0,38,523,3,14
661576409647027c24640d6c,24,88,1165,45895,0,1,2,52,0,0,0,72,0,0,0,0,0,38,523,3,14
6615763f9647027c24640d68,50,950,14141,191951,2,0,18,952,0,0,0,61,0,0,0,0,0,38,523,3,14
6615763f9647027c24640d64,18,31,606,40052,0,0,2,95,0,0,0,60,0,0,0,0,0,38,523,3,14
6615763f9647027c24640d60,25,39,197,2,3,0,24,24,0,0,0,56,0,0,0,0,0,3048,1.125,3,14
6615763e9647027c24640d5c,31,90,530,23795,0,0,3,205,0,0,0,61,0,0,0,0,0,13,1.027,3,14
6615763e9647027c24640d58,69,32,485,71323,5,9,47,5522,0,0,0,76,0,0,0,0,0,4.432,475,3,14
6615763e9647027c24640d54,52,507,313,6,7,20,300,0,0,0,0,58,0,0,0,0,0,1319,212,3,14
6615763d9647027c24640d50,67,28,853,191139,1,0,171,8379,0,0,0,71,0,0,0,0,0,9.996,902,3,14
6615763d9647027c24640d4c,15,18,44,4,1,0,5,5,0,0,0,63,0,0,0,0,0,82,144,3,14
661575009647027c24640d47,56,40,57,57,8,10,39,70329,0,0,0,83,0,0,0,0,0,224,5,3,14
661575009647027c24640d43,11,4,59,7091,0,0,1,31,0,0,0,64,0,0,0,0,0,6.872,0,3,14
661575009647027c24640d3f,17,27,156,6707,0,0,2,49,0,0,0,67,0,0,0,0,0,6.872,0,3,14
661574ff9647027c24640d3b,12,3,52,4954,0,0,2,127,0,0,0,65,0,0,0,0,0,6.872,0,3,14
661574ff9647027c24640d37,27,31,341,18742,1,0,2,173,0,0,0,64,0,0,0,0,0,305,1.278,3,14
661574ff9647027c24640d33,129,13,64,15749,1,0,5,156,0,0,1,72,0,0,0,0,0,0,0,3,14
661574ff9647027c24640d2f,34,43,50,1698,1,0,1,25,0,0,0,0,0,0,0,0,0,0,0,3,14
661574ff9647027c24640d2b,32,37,58,1408,0,0,0,9,0,0,0,20,0,0,0,0,0,0,0,3,14
661572f39647027c24640d26,15,12,107,2309,20,38,540,2330025,0,0,0,67,0,0,0,0,0,3.324,572,39,39
661572839647027c24640d21,32,333,478,8,44,5,137,1238939,0,0,0,111,0,0,0,0,0,282,387,39,39
661572839647027c24640d1d,39,96,138,5537,0,2,6,78,0,0,0,65,0,0,0,0,0,3813,3060,39,39
6615727e9647027c24640d19,15,26,160,1713,903,478,3801,1655863,0,0,0,71,0,0,0,0,0,169,183,39,39
6615727c9647027c24640d15,31,23,110,1780,1,2,11,96,0,0,1,75,0,0,0,0,0,2008,1342,2,1
